region16,anio,indicador,etiqueta,est,se,li,ls,region_nombre
1,2018,vh_dmcs,Hogar víctima de delito (DMCS),34.7287630676783,2.86918867968461,29.1052565906464,40.3522695447101,Tarapacá
1,2018,pad,Percepción: aumentó la delincuencia en el país,75.9229464770388,1.54590950400618,72.8930195258285,78.952873428249,Tarapacá
1,2018,rvi,Robo con violencia o intimidación,6.23781601019909,0.962869578952958,4.35062631364205,8.12500570675613,Tarapacá
1,2018,rps,Robo por sorpresa,5.13890064541739,0.960449180437154,3.25645484277956,7.02134644805522,Tarapacá
1,2018,hur,Hurto,9.07568884693127,1.20469187911477,6.71453615139844,11.4368415424641,Tarapacá
1,2019,vh_dmcs,Hogar víctima de delito (DMCS),32.6937203435503,1.84374468633994,29.0800471616369,36.3073935254636,Tarapacá
1,2019,pad,Percepción: aumentó la delincuencia en el país,86.4988602076234,1.12951956457031,84.2850425412322,88.7126778740146,Tarapacá
1,2019,rvi,Robo con violencia o intimidación,3.86361615619978,0.574101933567275,2.73839704295312,4.98883526944645,Tarapacá
1,2019,rps,Robo por sorpresa,3.59322110928949,0.580434073239553,2.45559123034008,4.73085098823889,Tarapacá
1,2019,hur,Hurto,8.15481519464201,0.673093700600643,6.83557578324396,9.47405460604005,Tarapacá
1,2020,vh_dmcs,Hogar víctima de delito (DMCS),27.2991674348069,1.67799718471455,24.0103533866068,30.587981483007,Tarapacá
1,2020,pad,Percepción: aumentó la delincuencia en el país,81.9162750632155,1.46284926094455,79.0491431969531,84.7834069294778,Tarapacá
1,2020,rvi,Robo con violencia o intimidación,3.68453556075293,0.714400532828445,2.28433624587295,5.08473487563291,Tarapacá
1,2020,rps,Robo por sorpresa,4.95871833222675,0.718998786329451,3.54950660609301,6.36793005836048,Tarapacá
1,2020,hur,Hurto,3.6510983428317,0.94177282283775,1.80525752845109,5.49693915721231,Tarapacá
1,2021,vh_dmcs,Hogar víctima de delito (DMCS),30.073989515537,2.12746694034428,25.9042309341626,34.2437480969114,Tarapacá
1,2021,pad,Percepción: aumentó la delincuencia en el país,92.5332378942505,0.971517958631929,90.6290976849981,94.437378103503,Tarapacá
1,2021,rvi,Robo con violencia o intimidación,4.92100381811137,0.706238132392387,3.53680251411346,6.30520512210928,Tarapacá
1,2021,rps,Robo por sorpresa,4.64601041079145,1.06219030239735,2.56415567336493,6.72786514821797,Tarapacá
1,2021,hur,Hurto,3.6778364123412,0.676549937719837,2.35182290066751,5.0038499240149,Tarapacá
1,2022,vh_dmcs,Hogar víctima de delito (DMCS),33.899874088578,1.61532662203705,30.7338920861166,37.0658560910393,Tarapacá
1,2022,pad,Percepción: aumentó la delincuencia en el país,95.1281219827961,0.996378526488497,93.1752559559095,97.0809880096826,Tarapacá
1,2022,rvi,Robo con violencia o intimidación,8.2264098956052,1.25588184286814,5.76492671474587,10.6878930764645,Tarapacá
1,2022,rps,Robo por sorpresa,5.30357985587452,0.937574492084365,3.46596761856573,7.14119209318331,Tarapacá
1,2022,hur,Hurto,2.99765855327396,0.603575892538628,1.81467154196163,4.18064556458629,Tarapacá
1,2023,vh_dmcs,Hogar víctima de delito (DMCS),28.7798809050702,1.30481671089241,26.2224871452951,31.3372746648454,Tarapacá
1,2023,pad,Percepción: aumentó la delincuencia en el país,86.0961426676351,1.05583005002922,84.0267537957827,88.1655315394874,Tarapacá
1,2023,rvi,Robo con violencia o intimidación,3.75847639126709,0.551627606599227,2.67730614945458,4.8396466330796,Tarapacá
1,2023,rps,Robo por sorpresa,3.31410063856785,0.527682594919781,2.27986175725644,4.34833951987926,Tarapacá
1,2023,hur,Hurto,4.20990103253252,0.600617350178896,3.032712657692,5.38708940737304,Tarapacá
1,2024,vh_dmcs,Hogar víctima de delito (DMCS),35.001914504529,1.67043665086418,31.7279188303795,38.2759101786785,Tarapacá
1,2024,pad,Percepción: aumentó la delincuencia en el país,88.5317902112482,1.04742676254531,86.4788714802161,90.5847089422804,Tarapacá
1,2024,rvi,Robo con violencia o intimidación,4.1952554117723,0.643613397897639,2.93379633192548,5.45671449161912,Tarapacá
1,2024,rps,Robo por sorpresa,3.12596071004426,0.626182225347491,1.89866610060404,4.35325531948449,Tarapacá
1,2024,hur,Hurto,7.05603637976334,0.963927854160741,5.16677250191331,8.94530025761337,Tarapacá
2,2018,vh_dmcs,Hogar víctima de delito (DMCS),22.4820607922222,1.65798647615034,19.2324670121131,25.7316545723314,Antofagasta
2,2018,pad,Percepción: aumentó la delincuencia en el país,80.2122548429301,1.46515832926958,77.3405972859129,83.0839123999474,Antofagasta
2,2018,rvi,Robo con violencia o intimidación,3.91095038954359,0.674324378368959,2.58929889404307,5.23260188504411,Antofagasta
2,2018,rps,Robo por sorpresa,3.59276931653068,0.711090819761306,2.19905692006146,4.98648171299991,Antofagasta
2,2018,hur,Hurto,5.86986038943201,0.839351487998562,4.22476170258472,7.51495907627929,Antofagasta
2,2019,vh_dmcs,Hogar víctima de delito (DMCS),19.8472552956866,1.69544192739849,16.5242501801064,23.1702604112668,Antofagasta
2,2019,pad,Percepción: aumentó la delincuencia en el país,85.8684830169989,2.03831629128307,81.8734564969828,89.863509537015,Antofagasta
2,2019,rvi,Robo con violencia o intimidación,3.70383329089374,0.789286479044087,2.1568602184829,5.25080636330458,Antofagasta
2,2019,rps,Robo por sorpresa,1.81347775419247,0.618247380138778,0.601735155584221,3.02522035280072,Antofagasta
2,2019,hur,Hurto,8.41724500042327,2.50582703501623,3.50591426030467,13.3285757405419,Antofagasta
2,2020,vh_dmcs,Hogar víctima de delito (DMCS),17.653586875494,1.1999353417451,15.3017568218969,20.0054169290912,Antofagasta
2,2020,pad,Percepción: aumentó la delincuencia en el país,82.3084639908928,2.17467441523273,78.046180458936,86.5707475228497,Antofagasta
2,2020,rvi,Robo con violencia o intimidación,3.47305132604334,0.772324196389118,1.95932371673183,4.98677893535485,Antofagasta
2,2020,rps,Robo por sorpresa,2.20175471198865,0.393338404614076,1.43082560520862,2.97268381876868,Antofagasta
2,2020,hur,Hurto,4.64049937583112,1.41111887413559,1.87475720462065,7.4062415470416,Antofagasta
2,2021,vh_dmcs,Hogar víctima de delito (DMCS),16.605465140893,2.19051574385933,12.3121331753608,20.8987971064252,Antofagasta
2,2021,pad,Percepción: aumentó la delincuencia en el país,88.5121020908813,1.69503797819635,85.1898887011889,91.8343154805738,Antofagasta
2,2021,rvi,Robo con violencia o intimidación,3.60615559945368,0.960882320087618,1.72286085870066,5.4894503402067,Antofagasta
2,2021,rps,Robo por sorpresa,1.94172111176251,0.821954691853135,0.330719518806646,3.55272270471837,Antofagasta
2,2021,hur,Hurto,2.56402953327061,0.747672465952296,1.09861842777186,4.02944063876936,Antofagasta
2,2022,vh_dmcs,Hogar víctima de delito (DMCS),18.739250724528,1.31187059163697,16.1680316125422,21.3104698365137,Antofagasta
2,2022,pad,Percepción: aumentó la delincuencia en el país,93.451732618952,1.41572857811731,90.676955593958,96.2265096439461,Antofagasta
2,2022,rvi,Robo con violencia o intimidación,3.5502485461832,1.04156126963247,1.50882597001174,5.59167112235467,Antofagasta
2,2022,rps,Robo por sorpresa,2.84683985808582,0.437783399825756,1.98880016139784,3.7048795547738,Antofagasta
2,2022,hur,Hurto,3.77051320967084,1.59459457969238,0.645165263530991,6.89586115581069,Antofagasta
2,2023,vh_dmcs,Hogar víctima de delito (DMCS),16.8964487525316,1.06037685117236,14.8181483141938,18.9747491908694,Antofagasta
2,2023,pad,Percepción: aumentó la delincuencia en el país,93.2480470526443,0.787887447236026,91.7038160321905,94.7922780730981,Antofagasta
2,2023,rvi,Robo con violencia o intimidación,4.05715166063113,0.585328269025581,2.90992933420782,5.20437398705444,Antofagasta
2,2023,rps,Robo por sorpresa,1.82701055042744,0.339436035342376,1.16172814610132,2.49229295475356,Antofagasta
2,2023,hur,Hurto,4.28209526048233,0.580900557819027,3.14355108855781,5.42063943240685,Antofagasta
2,2024,vh_dmcs,Hogar víctima de delito (DMCS),17.1234211243444,1.2798428203043,14.6149752906758,19.631866958013,Antofagasta
2,2024,pad,Percepción: aumentó la delincuencia en el país,91.3405631986086,0.981659568679102,89.4165457989185,93.2645805982988,Antofagasta
2,2024,rvi,Robo con violencia o intimidación,2.25203045471095,0.491601956783465,1.28850832468594,3.21555258473596,Antofagasta
2,2024,rps,Robo por sorpresa,2.69511245599542,0.608830918341884,1.50182578337089,3.88839912861996,Antofagasta
2,2024,hur,Hurto,3.80308578810858,0.57770053333616,2.67081354892013,4.93535802729704,Antofagasta
3,2018,vh_dmcs,Hogar víctima de delito (DMCS),24.414822658324,1.37729725728208,21.7153696380453,27.1142756786027,Atacama
3,2018,pad,Percepción: aumentó la delincuencia en el país,79.6739405563245,1.6064553157728,76.5253459946369,82.8225351180121,Atacama
3,2018,rvi,Robo con violencia o intimidación,3.02803020784107,1.09081299440059,0.890076024947617,5.16598439073452,Atacama
3,2018,rps,Robo por sorpresa,2.02700509548387,0.393318890537952,1.25611423559023,2.79789595537751,Atacama
3,2018,hur,Hurto,9.93587750251026,0.89670249932153,8.17837289899301,11.6933821060275,Atacama
3,2019,vh_dmcs,Hogar víctima de delito (DMCS),17.6436314499752,1.41429157282278,14.8716709036041,20.4155919963464,Atacama
3,2019,pad,Percepción: aumentó la delincuencia en el país,85.9277614738447,1.70531105597864,82.5854132216886,89.2701097260008,Atacama
3,2019,rvi,Robo con violencia o intimidación,3.42143213761967,0.626360921716841,2.19378728973135,4.64907698550799,Atacama
3,2019,rps,Robo por sorpresa,2.20244849038044,0.589824449324983,1.04641381250231,3.35848316825858,Atacama
3,2019,hur,Hurto,5.74992731361563,0.649679946623527,4.47657801675561,7.02327661047565,Atacama
3,2020,vh_dmcs,Hogar víctima de delito (DMCS),13.9408565132848,0.913751957927447,12.1499355849441,15.7317774416256,Atacama
3,2020,pad,Percepción: aumentó la delincuencia en el país,79.8820245049641,2.64504940296845,74.6978229378167,85.0662260721114,Atacama
3,2020,rvi,Robo con violencia o intimidación,1.8737782930786,0.511633463223841,0.870995131874378,2.87656145428283,Atacama
3,2020,rps,Robo por sorpresa,1.60328203358833,0.400014466708542,0.819268085544588,2.38729598163207,Atacama
3,2020,hur,Hurto,3.1111891783709,0.721744443472391,1.69659606312311,4.52578229361869,Atacama
3,2021,vh_dmcs,Hogar víctima de delito (DMCS),10.9018273400271,1.29320152407198,8.36719892809368,13.4364557519605,Atacama
3,2021,pad,Percepción: aumentó la delincuencia en el país,88.4622639922717,2.43985826654825,83.6802296624548,93.2442983220886,Atacama
3,2021,rvi,Robo con violencia o intimidación,1.11242495425831,0.329579775775741,0.466460463705073,1.75838944481155,Atacama
3,2021,rps,Robo por sorpresa,1.03358079390968,0.568428592191217,-0.080518774567916,2.14768036238727,Atacama
3,2021,hur,Hurto,4.13753315570089,1.3830390004841,1.42682652553778,6.84823978586399,Atacama
3,2022,vh_dmcs,Hogar víctima de delito (DMCS),11.8021227828726,1.49945963657582,8.86323589891246,14.7410096668327,Atacama
3,2022,pad,Percepción: aumentó la delincuencia en el país,91.9298271529569,1.04345131840899,89.8847001492545,93.9749541566594,Atacama
3,2022,rvi,Robo con violencia o intimidación,2.24384187222199,0.560537398932016,1.14520875832747,3.3424749861165,Atacama
3,2022,rps,Robo por sorpresa,2.6829070848608,0.770174513670885,1.17339277625522,4.19242139346639,Atacama
3,2022,hur,Hurto,2.24689988087072,0.771831373925081,0.734138185839497,3.75966157590195,Atacama
3,2023,vh_dmcs,Hogar víctima de delito (DMCS),16.7466630206116,1.54992379075638,13.7088682119473,19.7844578292758,Atacama
3,2023,pad,Percepción: aumentó la delincuencia en el país,91.1472255079032,1.07387274042053,89.0424736126996,93.2519774031067,Atacama
3,2023,rvi,Robo con violencia o intimidación,3.66262516944477,0.772955345818222,2.14766052998336,5.17758980890619,Atacama
3,2023,rps,Robo por sorpresa,1.19243066210403,0.398308719047333,0.411759918042972,1.97310140616508,Atacama
3,2023,hur,Hurto,5.37892146138384,0.947845150419715,3.52117910364024,7.23666381912743,Atacama
3,2024,vh_dmcs,Hogar víctima de delito (DMCS),14.3081172724974,1.27714733067729,11.8049545014184,16.8112800435764,Atacama
3,2024,pad,Percepción: aumentó la delincuencia en el país,92.243921531981,1.02491227903751,90.2351303777546,94.2527126862074,Atacama
3,2024,rvi,Robo con violencia o intimidación,2.4337205897145,0.60910480583424,1.23989710746913,3.62754407195987,Atacama
3,2024,rps,Robo por sorpresa,2.1660911935791,0.616269323742844,0.95822551426627,3.37395687289193,Atacama
3,2024,hur,Hurto,2.58126340500969,0.542192756847185,1.51858512891072,3.64394168110865,Atacama
4,2018,vh_dmcs,Hogar víctima de delito (DMCS),18.9377779586137,1.32167454518453,16.3473434507687,21.5282124664588,Coquimbo
4,2018,pad,Percepción: aumentó la delincuencia en el país,76.9142000327813,1.9865760288695,73.0205825636465,80.8078175019161,Coquimbo
4,2018,rvi,Robo con violencia o intimidación,3.50252894067785,0.604005462209874,2.31869998828103,4.68635789307467,Coquimbo
4,2018,rps,Robo por sorpresa,2.64065998083777,0.513944771296354,1.63334673905424,3.6479732226213,Coquimbo
4,2018,hur,Hurto,5.73505640563623,0.755432077449155,4.25443674106962,7.21567607020285,Coquimbo
4,2019,vh_dmcs,Hogar víctima de delito (DMCS),19.4887578175506,1.44015475724752,16.6661063611814,22.3114092739198,Coquimbo
4,2019,pad,Percepción: aumentó la delincuencia en el país,84.4825996286522,1.4151428002252,81.7089707072296,87.2562285500747,Coquimbo
4,2019,rvi,Robo con violencia o intimidación,2.41864846701672,0.50509015085773,1.42868996238967,3.40860697164378,Coquimbo
4,2019,rps,Robo por sorpresa,1.68736926702621,0.428954340856641,0.846634207935079,2.52810432611735,Coquimbo
4,2019,hur,Hurto,7.41567938994422,0.939101244748302,5.57507477240081,9.25628400748763,Coquimbo
4,2020,vh_dmcs,Hogar víctima de delito (DMCS),16.0504438388917,1.35285737597618,13.398892105759,18.7019955720243,Coquimbo
4,2020,pad,Percepción: aumentó la delincuencia en el país,81.9246993603466,1.18843902557444,79.5954016723988,84.2539970482944,Coquimbo
4,2020,rvi,Robo con violencia o intimidación,3.37307522618837,0.712745317791115,1.97612007316823,4.77003037920852,Coquimbo
4,2020,rps,Robo por sorpresa,2.48455412785941,0.639168024753302,1.23180781927333,3.73730043644549,Coquimbo
4,2020,hur,Hurto,6.18007775586171,0.842964528802757,4.52789763916353,7.83225787255989,Coquimbo
4,2021,vh_dmcs,Hogar víctima de delito (DMCS),13.7380040842003,1.32378836235768,11.143426570826,16.3325815975746,Coquimbo
4,2021,pad,Percepción: aumentó la delincuencia en el país,85.487763180091,2.55144020345369,80.4870322726143,90.4884940875678,Coquimbo
4,2021,rvi,Robo con violencia o intimidación,2.94004553393187,0.654936993239053,1.65639261504037,4.22369845282336,Coquimbo
4,2021,rps,Robo por sorpresa,1.65735509062328,0.503289179593572,0.670926424811165,2.64378375643539,Coquimbo
4,2021,hur,Hurto,3.86731951881695,0.539305834745741,2.81029950606299,4.92433953157091,Coquimbo
4,2022,vh_dmcs,Hogar víctima de delito (DMCS),17.8058015386044,2.04529269344103,13.7971015216171,21.8145015555918,Coquimbo
4,2022,pad,Percepción: aumentó la delincuencia en el país,94.1199166735263,1.04165358219496,92.0783131680571,96.1615201789956,Coquimbo
4,2022,rvi,Robo con violencia o intimidación,2.42814128816884,0.658564692152566,1.1373782100601,3.71890436627758,Coquimbo
4,2022,rps,Robo por sorpresa,2.08441638284107,0.627339156732524,0.854854229553593,3.31397853612854,Coquimbo
4,2022,hur,Hurto,3.81893676344334,0.694562699955639,2.45761888652538,5.18025464036129,Coquimbo
4,2023,vh_dmcs,Hogar víctima de delito (DMCS),15.7011156674968,0.935344871571434,13.8678734060925,17.534357928901,Coquimbo
4,2023,pad,Percepción: aumentó la delincuencia en el país,87.4781804469912,0.875839130812487,85.7615672943478,89.1947935996345,Coquimbo
4,2023,rvi,Robo con violencia o intimidación,2.06366013561335,0.425837692048587,1.22903359593846,2.89828667528824,Coquimbo
4,2023,rps,Robo por sorpresa,1.08193718605752,0.283595615141109,0.526099994207461,1.63777437790757,Coquimbo
4,2023,hur,Hurto,4.19331184967394,0.546976380391725,3.12125784371208,5.26536585563581,Coquimbo
4,2024,vh_dmcs,Hogar víctima de delito (DMCS),18.3568834399395,1.31056429513518,15.7882246220504,20.9255422578286,Coquimbo
4,2024,pad,Percepción: aumentó la delincuencia en el país,88.378136574745,1.02220305507055,86.3746554019199,90.3816177475701,Coquimbo
4,2024,rvi,Robo con violencia o intimidación,2.02064398761272,0.497753268113898,1.04506550892237,2.99622246630307,Coquimbo
4,2024,rps,Robo por sorpresa,2.0804765310245,0.457161843360199,1.18445578293257,2.97649727911643,Coquimbo
4,2024,hur,Hurto,6.52065026242745,0.722753238742506,5.10407994478246,7.93722058007244,Coquimbo
5,2018,vh_dmcs,Hogar víctima de delito (DMCS),25.078793742746,0.868411655656124,23.3767381739052,26.7808493115868,Valparaíso
5,2018,pad,Percepción: aumentó la delincuencia en el país,76.8200786256956,1.10004977902451,74.6640206776063,78.9761365737849,Valparaíso
5,2018,rvi,Robo con violencia o intimidación,3.16323429790558,0.411215413549418,2.35726689746098,3.96920169835019,Valparaíso
5,2018,rps,Robo por sorpresa,4.98706165273459,0.567688073170075,3.87441347486831,6.09970983060088,Valparaíso
5,2018,hur,Hurto,10.8296749597493,0.698299511757788,9.46103306628214,12.1983168532165,Valparaíso
5,2019,vh_dmcs,Hogar víctima de delito (DMCS),21.8376649912087,1.18864188108843,19.5079697137595,24.167360268658,Valparaíso
5,2019,pad,Percepción: aumentó la delincuencia en el país,82.1812668624795,1.19854681694592,79.8321582674803,84.5303754574786,Valparaíso
5,2019,rvi,Robo con violencia o intimidación,2.63290736399981,0.452889075751347,1.74526108653553,3.52055364146408,Valparaíso
5,2019,rps,Robo por sorpresa,5.33346635640633,0.829756245235461,3.70717399979764,6.95975871301502,Valparaíso
5,2019,hur,Hurto,7.69308317084742,0.798878309101926,6.12731045697739,9.25885588471745,Valparaíso
5,2020,vh_dmcs,Hogar víctima de delito (DMCS),17.1504220107253,1.26195847970118,14.677028840526,19.6238151809245,Valparaíso
5,2020,pad,Percepción: aumentó la delincuencia en el país,83.0632345986301,1.23107079087443,80.650380186097,85.4760890111632,Valparaíso
5,2020,rvi,Robo con violencia o intimidación,2.95533709459215,0.461764667533037,2.05029497689429,3.86037921229002,Valparaíso
5,2020,rps,Robo por sorpresa,2.75954186321541,0.38620034171995,2.00260310262725,3.51648062380357,Valparaíso
5,2020,hur,Hurto,4.92039347916795,0.588203742409363,3.76753532847392,6.07325162986198,Valparaíso
5,2021,vh_dmcs,Hogar víctima de delito (DMCS),15.0469210366356,0.744611553330235,13.587509209636,16.5063328636353,Valparaíso
5,2021,pad,Percepción: aumentó la delincuencia en el país,85.0392734071306,1.23916963972323,82.6105455425376,87.4680012717236,Valparaíso
5,2021,rvi,Robo con violencia o intimidación,3.38473157151274,0.672402879338545,2.06684614490816,4.70261699811732,Valparaíso
5,2021,rps,Robo por sorpresa,2.78157812145099,0.365549640482535,2.06511399154366,3.49804225135833,Valparaíso
5,2021,hur,Hurto,5.14827667361979,0.717803754004699,3.74140716780293,6.55514617943665,Valparaíso
5,2022,vh_dmcs,Hogar víctima de delito (DMCS),19.3527702037828,1.23471208222792,16.9327789913396,21.772761416226,Valparaíso
5,2022,pad,Percepción: aumentó la delincuencia en el país,90.51424383992,0.878943248166844,88.7915467290583,92.2369409507817,Valparaíso
5,2022,rvi,Robo con violencia o intimidación,3.78808678821543,0.453790661490388,2.89867343517366,4.6775001412572,Valparaíso
5,2022,rps,Robo por sorpresa,3.64252808964539,0.637751584190143,2.39255795354934,4.89249822574143,Valparaíso
5,2022,hur,Hurto,6.2784639669813,0.651204721336292,5.00212616659973,7.55480176736288,Valparaíso
5,2023,vh_dmcs,Hogar víctima de delito (DMCS),20.0870048417558,0.676232808733409,18.7616128914739,21.4123967920376,Valparaíso
5,2023,pad,Percepción: aumentó la delincuencia en el país,87.8321478870267,0.560006901688527,86.7345545286233,88.9297412454301,Valparaíso
5,2023,rvi,Robo con violencia o intimidación,2.92725981763619,0.302922406183857,2.33354281140562,3.52097682386677,Valparaíso
5,2023,rps,Robo por sorpresa,3.17754324604672,0.313537842815586,2.56302036633779,3.79206612575565,Valparaíso
5,2023,hur,Hurto,6.92582579408419,0.43781044846803,6.06773308303152,7.78391850513686,Valparaíso
5,2024,vh_dmcs,Hogar víctima de delito (DMCS),24.0843409222446,1.00472571091728,22.1151147145053,26.0535671299838,Valparaíso
5,2024,pad,Percepción: aumentó la delincuencia en el país,88.6650277087734,0.683000901410938,87.3263705405995,90.0036848769472,Valparaíso
5,2024,rvi,Robo con violencia o intimidación,2.84393399711408,0.372357771342204,2.11412617591975,3.5737418183084,Valparaíso
5,2024,rps,Robo por sorpresa,4.42663036007183,0.471570955273208,3.50236827158119,5.35089244856246,Valparaíso
5,2024,hur,Hurto,9.98314322385771,0.673824749417146,8.66247098310838,11.303815464607,Valparaíso
6,2018,vh_dmcs,Hogar víctima de delito (DMCS),24.1435029805899,1.17257098890645,21.8453060730168,26.4416998881631,O'Higgins
6,2018,pad,Percepción: aumentó la delincuencia en el país,78.6047014797011,2.29324322519758,74.1100273505234,83.0993756088789,O'Higgins
6,2018,rvi,Robo con violencia o intimidación,2.21819985264226,0.466941958266346,1.30301043156962,3.13338927371491,O'Higgins
6,2018,rps,Robo por sorpresa,2.28840394789648,0.438717337617912,1.42853376677207,3.14827412902089,O'Higgins
6,2018,hur,Hurto,9.42869708667233,0.658670656751147,8.13772632176674,10.7196678515779,O'Higgins
6,2019,vh_dmcs,Hogar víctima de delito (DMCS),21.7115537272496,1.53991496376788,18.6933758590103,24.729731595489,O'Higgins
6,2019,pad,Percepción: aumentó la delincuencia en el país,82.2248092854382,1.70749419202502,78.8781821652578,85.5714364056185,O'Higgins
6,2019,rvi,Robo con violencia o intimidación,2.90587968032956,0.781109521714906,1.37493314978704,4.43682621087209,O'Higgins
6,2019,rps,Robo por sorpresa,0.953342962882415,0.364422728603911,0.239087539670936,1.66759838609389,O'Higgins
6,2019,hur,Hurto,9.94242013604987,1.7199362046055,6.57140711931658,13.3134331527832,O'Higgins
6,2020,vh_dmcs,Hogar víctima de delito (DMCS),17.2204372122461,1.57828717534613,14.1270511913062,20.3138232331859,O'Higgins
6,2020,pad,Percepción: aumentó la delincuencia en el país,80.0955377903592,1.68986125771088,76.7834705863763,83.4076049943421,O'Higgins
6,2020,rvi,Robo con violencia o intimidación,2.84087147179751,0.591450985331982,1.6816488419261,4.00009410166893,O'Higgins
6,2020,rps,Robo por sorpresa,3.19102170329531,0.907202867125262,1.41293675705832,4.9691066495323,O'Higgins
6,2020,hur,Hurto,2.7274355827585,0.817469834318304,1.1252241490467,4.3296470164703,O'Higgins
6,2021,vh_dmcs,Hogar víctima de delito (DMCS),15.0302313392904,0.85854939418706,13.347505447735,16.7129572308457,O'Higgins
6,2021,pad,Percepción: aumentó la delincuencia en el país,88.7567518525592,1.19971234638558,86.4053588618355,91.108144843283,O'Higgins
6,2021,rvi,Robo con violencia o intimidación,2.52399789837574,0.730670434464282,1.09191016225751,3.95608563449397,O'Higgins
6,2021,rps,Robo por sorpresa,2.77466752661017,0.520547214139702,1.7544137346437,3.79492131857664,O'Higgins
6,2021,hur,Hurto,3.0901359426287,0.572558186999355,1.96794251705641,4.21232936820098,O'Higgins
6,2022,vh_dmcs,Hogar víctima de delito (DMCS),18.040234969827,1.44398517876269,15.2100760252425,20.8703939144115,O'Higgins
6,2022,pad,Percepción: aumentó la delincuencia en el país,91.7815421721662,1.20696387367271,89.4159364491267,94.1471478952056,O'Higgins
6,2022,rvi,Robo con violencia o intimidación,2.74600828916683,0.611774118550763,1.5469530501336,3.94506352820007,O'Higgins
6,2022,rps,Robo por sorpresa,1.45847447906965,0.564441556067439,0.352189357799721,2.56475960033957,O'Higgins
6,2022,hur,Hurto,6.49722364810973,1.41716635820466,3.71962862592681,9.27481867029265,O'Higgins
6,2023,vh_dmcs,Hogar víctima de delito (DMCS),17.6508841274502,1.34621681858238,15.0123476476467,20.2894206072538,O'Higgins
6,2023,pad,Percepción: aumentó la delincuencia en el país,89.5631307875935,1.09872144633483,87.4096763237355,91.7165852514515,O'Higgins
6,2023,rvi,Robo con violencia o intimidación,2.52646644828113,0.544952857116359,1.45837847506086,3.59455442150139,O'Higgins
6,2023,rps,Robo por sorpresa,2.05560238009092,0.527386904996099,1.02194304038052,3.08926171980132,O'Higgins
6,2023,hur,Hurto,4.96727984757769,0.774974656247038,3.44835743240219,6.48620226275319,O'Higgins
6,2024,vh_dmcs,Hogar víctima de delito (DMCS),20.5476666144328,1.56428644645738,17.4817215178722,23.6136117109934,O'Higgins
6,2024,pad,Percepción: aumentó la delincuencia en el país,85.4634970523467,1.49337880224169,82.5365283846774,88.390465720016,O'Higgins
6,2024,rvi,Robo con violencia o intimidación,2.04527292793759,0.560719598058045,0.94628271031805,3.14426314555714,O'Higgins
6,2024,rps,Robo por sorpresa,1.45877135480853,0.428351423510678,0.619217992001143,2.29832471761593,O'Higgins
6,2024,hur,Hurto,5.75238073261403,0.951503215998043,3.88746869808383,7.61729276714423,O'Higgins
7,2018,vh_dmcs,Hogar víctima de delito (DMCS),17.264750506532,1.49034967253961,14.3437188239833,20.1857821890807,Maule
7,2018,pad,Percepción: aumentó la delincuencia en el país,79.3000346514373,1.20168368469295,76.9447779086297,81.6552913942448,Maule
7,2018,rvi,Robo con violencia o intimidación,1.04106401205872,0.360655229216324,0.334192751958684,1.74793527215875,Maule
7,2018,rps,Robo por sorpresa,2.28883470993495,0.399104464073382,1.50660433428197,3.07106508558794,Maule
7,2018,hur,Hurto,6.56931933219832,0.914124006704009,4.77766920165501,8.36096946274162,Maule
7,2019,vh_dmcs,Hogar víctima de delito (DMCS),19.677984451203,1.92437298426501,15.9062827092217,23.4496861931843,Maule
7,2019,pad,Percepción: aumentó la delincuencia en el país,85.0025594503857,1.10804987057158,82.8308216109911,87.1742972897802,Maule
7,2019,rvi,Robo con violencia o intimidación,3.35073433479755,0.736068258037201,1.9080670588815,4.7934016107136,Maule
7,2019,rps,Robo por sorpresa,2.41919274218937,0.544364176831234,1.35225856112636,3.48612692325239,Maule
7,2019,hur,Hurto,7.21662991752829,0.837615174686596,5.57493434223833,8.85832549281824,Maule
7,2020,vh_dmcs,Hogar víctima de delito (DMCS),13.3059878930719,1.194051234829,10.9656904771114,15.6462853090323,Maule
7,2020,pad,Percepción: aumentó la delincuencia en el país,83.9255196999988,1.03447183649264,81.8979921574522,85.9530472425454,Maule
7,2020,rvi,Robo con violencia o intimidación,1.97941768570708,0.488054369008484,1.02284869995303,2.93598667146113,Maule
7,2020,rps,Robo por sorpresa,1.68262582924919,0.375451822182532,0.946753779841488,2.41849787865689,Maule
7,2020,hur,Hurto,3.67828179314333,0.770405880146618,2.16831401457808,5.18824957170858,Maule
7,2021,vh_dmcs,Hogar víctima de delito (DMCS),10.910953780829,1.34427479044593,8.27622360622981,13.5456839554281,Maule
7,2021,pad,Percepción: aumentó la delincuencia en el país,86.8460863395772,1.44659152939836,84.0108190416157,89.6813536375387,Maule
7,2021,rvi,Robo con violencia o intimidación,1.63247457305637,0.463146428169877,0.724724254275049,2.5402248918377,Maule
7,2021,rps,Robo por sorpresa,0.962530061865567,0.334922375923824,0.306094267438287,1.61896585629285,Maule
7,2021,hur,Hurto,1.85184182241543,0.440953360004925,0.987589117943851,2.71609452688701,Maule
7,2022,vh_dmcs,Hogar víctima de delito (DMCS),14.1731778413646,1.01701096562253,12.1798729768622,16.1664827058671,Maule
7,2022,pad,Percepción: aumentó la delincuencia en el país,92.5407148171097,0.996658548932776,90.5872999563175,94.4941296779019,Maule
7,2022,rvi,Robo con violencia o intimidación,2.0485557266313,0.498932788283894,1.07066543088872,3.02644602237388,Maule
7,2022,rps,Robo por sorpresa,1.50492134632185,0.410131742906692,0.701077901308091,2.3087647913356,Maule
7,2022,hur,Hurto,3.78824566862736,0.670428367112057,2.47423021487374,5.10226112238099,Maule
7,2023,vh_dmcs,Hogar víctima de delito (DMCS),15.51638659596,0.716745199264794,14.111591819309,16.921181372611,Maule
7,2023,pad,Percepción: aumentó la delincuencia en el país,88.9404852513118,0.702599232635331,87.5634160597811,90.3175544428426,Maule
7,2023,rvi,Robo con violencia o intimidación,1.76207697618751,0.320754080228026,1.13341053104631,2.39074342132871,Maule
7,2023,rps,Robo por sorpresa,1.60392633326501,0.272939563082381,1.06897461966744,2.13887804686257,Maule
7,2023,hur,Hurto,4.34462650804489,0.42567987255263,3.51030928889814,5.17894372719165,Maule
7,2024,vh_dmcs,Hogar víctima de delito (DMCS),16.4840068898759,1.29684673502342,13.9422339957616,19.0257797839901,Maule
7,2024,pad,Percepción: aumentó la delincuencia en el país,89.4813221199658,0.990633558136527,87.5397160241414,91.4229282157902,Maule
7,2024,rvi,Robo con violencia o intimidación,1.37812222493965,0.372265984241032,0.648494303157874,2.10775014672143,Maule
7,2024,rps,Robo por sorpresa,0.738893713552901,0.2830404206842,0.184144682842804,1.293642744263,Maule
7,2024,hur,Hurto,3.79336886874449,0.707380871087271,2.40692783806087,5.17980989942812,Maule
8,2018,vh_dmcs,Hogar víctima de delito (DMCS),23.6089374321907,1.30233132389998,21.0564149414084,26.161459922973,Biobío
8,2018,pad,Percepción: aumentó la delincuencia en el país,79.2357885550557,1.30413160907544,76.6797375701675,81.7918395399438,Biobío
8,2018,rvi,Robo con violencia o intimidación,4.27504974120625,0.667050558340508,2.96765467099152,5.58244481142098,Biobío
8,2018,rps,Robo por sorpresa,2.9135329969428,0.422344571214304,2.08575284829676,3.74131314558885,Biobío
8,2018,hur,Hurto,9.17670715678366,0.844883605520657,7.52076571883483,10.8326485947325,Biobío
8,2019,vh_dmcs,Hogar víctima de delito (DMCS),20.2287838882877,1.0562742340618,18.1585244317289,22.2990433448464,Biobío
8,2019,pad,Percepción: aumentó la delincuencia en el país,81.8658124374313,1.37168736508113,79.1773546038237,84.554270271039,Biobío
8,2019,rvi,Robo con violencia o intimidación,4.25348938637526,0.644824385524649,2.98965681439378,5.51732195835675,Biobío
8,2019,rps,Robo por sorpresa,2.11753840984665,0.319154874040784,1.4920063512363,2.743070468457,Biobío
8,2019,hur,Hurto,8.33594880354251,0.672153502952991,7.01855214567221,9.6533454614128,Biobío
8,2020,vh_dmcs,Hogar víctima de delito (DMCS),15.7119463775732,1.22223002104215,13.316419555507,18.1074731996394,Biobío
8,2020,pad,Percepción: aumentó la delincuencia en el país,85.183204657636,1.31481012795258,82.6062241603405,87.7601851549316,Biobío
8,2020,rvi,Robo con violencia o intimidación,2.70787869346085,0.529308375971534,1.67045333984125,3.74530404708044,Biobío
8,2020,rps,Robo por sorpresa,1.82449024801484,0.368344425589818,1.10254843995271,2.54643205607698,Biobío
8,2020,hur,Hurto,3.49322126766202,0.547531593756069,2.42007906350231,4.56636347182173,Biobío
8,2021,vh_dmcs,Hogar víctima de delito (DMCS),12.8395204075387,0.85152076494796,11.1705703761527,14.5084704389247,Biobío
8,2021,pad,Percepción: aumentó la delincuencia en el país,85.4000586851433,1.52753378935343,82.4061474728425,88.393969897444,Biobío
8,2021,rvi,Robo con violencia o intimidación,2.18143892013874,0.438386457839615,1.322217251463,3.04066058881447,Biobío
8,2021,rps,Robo por sorpresa,1.64639358964184,0.429491616888957,0.804605488877611,2.48818169040607,Biobío
8,2021,hur,Hurto,3.15345679599311,0.554532681986857,2.06659271104847,4.24032088093776,Biobío
8,2022,vh_dmcs,Hogar víctima de delito (DMCS),14.2606093446194,0.986064834059094,12.3279577834421,16.1932609057967,Biobío
8,2022,pad,Percepción: aumentó la delincuencia en el país,92.1540773207918,1.11423127585775,89.9702241496625,94.3379304919211,Biobío
8,2022,rvi,Robo con violencia o intimidación,2.40651137910835,0.553624085723005,1.32142811011735,3.49159464809936,Biobío
8,2022,rps,Robo por sorpresa,1.97311429509147,0.454061017531607,1.08317105394591,2.86305753623703,Biobío
8,2022,hur,Hurto,2.62097214997742,0.270259984939064,2.09127231303452,3.15067198692033,Biobío
8,2023,vh_dmcs,Hogar víctima de delito (DMCS),19.065297944734,0.700269612257153,17.6927947252421,20.4378011642258,Biobío
8,2023,pad,Percepción: aumentó la delincuencia en el país,89.6258780736767,0.522070577680521,88.6026385440349,90.6491176033186,Biobío
8,2023,rvi,Robo con violencia o intimidación,2.16588513374151,0.275212321596849,1.62647889531003,2.70529137217299,Biobío
8,2023,rps,Robo por sorpresa,1.89336860212702,0.264340980055702,1.37526980157982,2.41146740267421,Biobío
8,2023,hur,Hurto,5.31282797064015,0.421537384003297,4.48662987985646,6.13902606142384,Biobío
8,2024,vh_dmcs,Hogar víctima de delito (DMCS),18.2003183580914,0.876724562406396,16.4819697914132,19.9186669247695,Biobío
8,2024,pad,Percepción: aumentó la delincuencia en el país,89.6371242084243,0.977687991744803,87.7208909564872,91.5533574603614,Biobío
8,2024,rvi,Robo con violencia o intimidación,2.39631834332012,0.457822303028609,1.49900311806486,3.29363356857537,Biobío
8,2024,rps,Robo por sorpresa,2.29366130100025,0.430814995670409,1.44927942548647,3.13804317651403,Biobío
8,2024,hur,Hurto,3.40927419814881,0.535712851250616,2.35929630364234,4.45925209265528,Biobío
9,2018,vh_dmcs,Hogar víctima de delito (DMCS),19.8603200310809,1.44183278684608,17.0343796971336,22.6862603650282,La Araucanía
9,2018,pad,Percepción: aumentó la delincuencia en el país,71.3223305948796,1.8421814850114,67.7117212312708,74.9329399584885,La Araucanía
9,2018,rvi,Robo con violencia o intimidación,2.5138822087484,0.68132701483127,1.17850579798493,3.84925861951188,La Araucanía
9,2018,rps,Robo por sorpresa,3.83882155661216,0.923770030498185,2.02826556683825,5.64937754638607,La Araucanía
9,2018,hur,Hurto,8.05730886291652,1.4193284657827,5.27547618774993,10.8391415380831,La Araucanía
9,2019,vh_dmcs,Hogar víctima de delito (DMCS),20.9995888266478,2.15558072124395,16.7747282472407,25.2244494060548,La Araucanía
9,2019,pad,Percepción: aumentó la delincuencia en el país,78.2694084274392,2.47047413456048,73.4273680989629,83.1114487559155,La Araucanía
9,2019,rvi,Robo con violencia o intimidación,1.29137352419989,0.60632228910042,0.103003674539184,2.4797433738606,La Araucanía
9,2019,rps,Robo por sorpresa,2.00205627876933,0.597994769955904,0.830008066712439,3.17410449082621,La Araucanía
9,2019,hur,Hurto,11.030151365594,2.10492217708955,6.90457970823888,15.1557230229492,La Araucanía
9,2020,vh_dmcs,Hogar víctima de delito (DMCS),14.8806570034223,1.82410393241228,11.3054789918363,18.4558350150082,La Araucanía
9,2020,pad,Percepción: aumentó la delincuencia en el país,85.5277518928008,1.68229240345227,82.230519370569,88.8249844150326,La Araucanía
9,2020,rvi,Robo con violencia o intimidación,1.01043620887712,0.503718851240281,0.023165402112283,1.99770701564196,La Araucanía
9,2020,rps,Robo por sorpresa,1.56265301742094,0.457728172488192,0.665522284634745,2.45978375020713,La Araucanía
9,2020,hur,Hurto,6.82711926436127,1.33796476734845,4.20475650777478,9.44948202094775,La Araucanía
9,2021,vh_dmcs,Hogar víctima de delito (DMCS),12.8266829755698,1.34866131767471,10.183355365585,15.4700105855546,La Araucanía
9,2021,pad,Percepción: aumentó la delincuencia en el país,85.5738060355531,1.25751362803302,83.1091246145401,88.0384874565661,La Araucanía
9,2021,rvi,Robo con violencia o intimidación,0.926276198970992,0.350523109161695,0.239263529265067,1.61328886867692,La Araucanía
9,2021,rps,Robo por sorpresa,0.989068137512517,0.350183247100773,0.302721585205711,1.67541468981932,La Araucanía
9,2021,hur,Hurto,4.42923253505952,0.739600306773798,2.97964257082811,5.87882249929094,La Araucanía
9,2022,vh_dmcs,Hogar víctima de delito (DMCS),12.6129690233995,1.67625413663289,9.32757128666277,15.8983667601363,La Araucanía
9,2022,pad,Percepción: aumentó la delincuencia en el país,90.3970301885189,1.27325498394458,87.9014962768514,92.8925641001864,La Araucanía
9,2022,rvi,Robo con violencia o intimidación,3.6323058473396,0.818325155668281,2.02841801458664,5.23619368009257,La Araucanía
9,2022,rps,Robo por sorpresa,1.39582984640563,0.599740009113488,0.220361028455466,2.57129866435579,La Araucanía
9,2022,hur,Hurto,3.18632492597039,0.678435544308306,1.85661569329429,4.5160341586465,La Araucanía
9,2023,vh_dmcs,Hogar víctima de delito (DMCS),15.8071067259228,1.13534839721844,13.5818647574694,18.0323486943762,La Araucanía
9,2023,pad,Percepción: aumentó la delincuencia en el país,88.5889953687882,1.03763131593063,86.5552753603332,90.6227153772431,La Araucanía
9,2023,rvi,Robo con violencia o intimidación,0.948443133621701,0.319357653925284,0.322513633740939,1.57437263350246,La Araucanía
9,2023,rps,Robo por sorpresa,2.32391290225535,0.49438191184303,1.35494216043495,3.29288364407574,La Araucanía
9,2023,hur,Hurto,5.71298839463651,0.815641757638254,4.11435992537858,7.31161686389444,La Araucanía
9,2024,vh_dmcs,Hogar víctima de delito (DMCS),16.5728076705017,1.47076588407249,13.6901595080294,19.4554558329739,La Araucanía
9,2024,pad,Percepción: aumentó la delincuencia en el país,82.809976143189,1.42055058030651,80.0257481675707,85.5942041188072,La Araucanía
9,2024,rvi,Robo con violencia o intimidación,1.2442402346205,0.403209976119984,0.453963203218073,2.03451726602292,La Araucanía
9,2024,rps,Robo por sorpresa,1.80073954558735,0.526109450680971,0.769583970326499,2.83189512084821,La Araucanía
9,2024,hur,Hurto,6.16733372369674,0.960125933005093,4.28552147438384,8.04914597300964,La Araucanía
10,2018,vh_dmcs,Hogar víctima de delito (DMCS),16.2047372388258,1.19691888158891,13.8588193384956,18.550655139156,Los Lagos
10,2018,pad,Percepción: aumentó la delincuencia en el país,79.8237261844312,1.93695064093479,76.0273726883673,83.6200796804952,Los Lagos
10,2018,rvi,Robo con violencia o intimidación,2.74013634237103,0.731585307935946,1.30625548719793,4.17401719754413,Los Lagos
10,2018,rps,Robo por sorpresa,2.01722196706684,0.495371961794704,1.04631076299827,2.98813317113541,Los Lagos
10,2018,hur,Hurto,6.18585420670781,0.844775876981485,4.53012391281586,7.84158450059976,Los Lagos
10,2019,vh_dmcs,Hogar víctima de delito (DMCS),18.1157196684541,1.24390768215987,15.677705411328,20.5537339255801,Los Lagos
10,2019,pad,Percepción: aumentó la delincuencia en el país,83.4758042995447,1.58300116693707,80.3731790248632,86.5784295742262,Los Lagos
10,2019,rvi,Robo con violencia o intimidación,0.989762733161197,0.470457975399225,0.0676820451390853,1.91184342118331,Los Lagos
10,2019,rps,Robo por sorpresa,3.27529275811538,1.09785400222371,1.12353845347374,5.42704706275701,Los Lagos
10,2019,hur,Hurto,6.24535977828122,1.00029815311205,4.28481142437968,8.20590813218276,Los Lagos
10,2020,vh_dmcs,Hogar víctima de delito (DMCS),12.6809992222583,1.06303398207489,10.5974909030494,14.7645075414673,Los Lagos
10,2020,pad,Percepción: aumentó la delincuencia en el país,76.6931982233395,2.33325619143468,72.1201001214224,81.2662963252566,Los Lagos
10,2020,rvi,Robo con violencia o intimidación,0.999505340196212,0.490657940348231,0.0378334483850768,1.96117723200735,Los Lagos
10,2020,rps,Robo por sorpresa,1.13789472019423,0.478555091096315,0.199943977027167,2.07584546336129,Los Lagos
10,2020,hur,Hurto,5.51759039626991,0.716327359865699,4.11361456979248,6.92156622274734,Los Lagos
10,2021,vh_dmcs,Hogar víctima de delito (DMCS),7.92166963855057,0.913374005120155,6.13148948409996,9.71184979300118,Los Lagos
10,2021,pad,Percepción: aumentó la delincuencia en el país,87.2749688659582,1.82646312474975,83.6951669223582,90.8547708095582,Los Lagos
10,2021,rvi,Robo con violencia o intimidación,1.59734014723118,0.436569971673842,0.74167872601878,2.45300156844358,Los Lagos
10,2021,rps,Robo por sorpresa,1.15245762315113,0.594675866106377,-0.0130856568925357,2.31800090319479,Los Lagos
10,2021,hur,Hurto,0.93955941401432,0.249056546377334,0.451417553000815,1.42770127502782,Los Lagos
10,2022,vh_dmcs,Hogar víctima de delito (DMCS),15.8800532308365,1.36359962955098,13.2074470675844,18.5526593940886,Los Lagos
10,2022,pad,Percepción: aumentó la delincuencia en el país,90.237389882061,1.6677156031787,86.9687273633753,93.5060524007468,Los Lagos
10,2022,rvi,Robo con violencia o intimidación,0.775884145460926,0.382287840586655,0.0266137461834922,1.52515454473836,Los Lagos
10,2022,rps,Robo por sorpresa,1.28240189328304,0.653133195699374,0.00228435260472022,2.56251943396137,Los Lagos
10,2022,hur,Hurto,5.69425961784815,0.865054595862861,3.99878376529609,7.38973547040021,Los Lagos
10,2023,vh_dmcs,Hogar víctima de delito (DMCS),15.2219025433748,1.06167575840041,13.1410562936507,17.3027487930988,Los Lagos
10,2023,pad,Percepción: aumentó la delincuencia en el país,88.0781580052081,1.08528470720288,85.9510390661184,90.2052769442979,Los Lagos
10,2023,rvi,Robo con violencia o intimidación,1.25662984915852,0.409931603869223,0.453178669450099,2.06008102886693,Los Lagos
10,2023,rps,Robo por sorpresa,1.60735922234015,0.413983573509806,0.795966328069738,2.41875211661056,Los Lagos
10,2023,hur,Hurto,3.76906744357245,0.597091907816021,2.59878880879274,4.93934607835216,Los Lagos
10,2024,vh_dmcs,Hogar víctima de delito (DMCS),15.9661138178912,1.36681071829535,13.287214036349,18.6450135994334,Los Lagos
10,2024,pad,Percepción: aumentó la delincuencia en el país,85.4164981896247,1.43453333426163,82.6048645198498,88.2281318593997,Los Lagos
10,2024,rvi,Robo con violencia o intimidación,1.29889488711842,0.373413832612624,0.56701722386861,2.03077255036823,Los Lagos
10,2024,rps,Robo por sorpresa,1.22949903105265,0.34411168708683,0.555052517703143,1.90394554440215,Los Lagos
10,2024,hur,Hurto,5.85645243348858,0.798584812369611,4.29125496264346,7.42164990433369,Los Lagos
11,2018,vh_dmcs,Hogar víctima de delito (DMCS),12.5734731955328,1.81322783181768,9.01961194940446,16.1273344416611,Aysén
11,2018,pad,Percepción: aumentó la delincuencia en el país,71.5943662612379,1.75214173126614,68.1602315721466,75.0285009503292,Aysén
11,2018,rvi,Robo con violencia o intimidación,1.21764828394736,0.612850693561452,0.0164829966665196,2.4188135712282,Aysén
11,2018,rps,Robo por sorpresa,0.315271696736941,0.194325207839279,-0.065598711916307,0.696142105390189,Aysén
11,2018,hur,Hurto,6.17280518270323,1.25630169896289,3.71049909901948,8.63511126638699,Aysén
11,2019,vh_dmcs,Hogar víctima de delito (DMCS),7.89782621197982,0.95404685986237,6.02792872708605,9.7677236968736,Aysén
11,2019,pad,Percepción: aumentó la delincuencia en el país,82.1675821370061,1.9781562141155,78.2904672015456,86.0446970724666,Aysén
11,2019,rvi,Robo con violencia o intimidación,0.844089682750662,0.333142855811384,0.191141683653529,1.49703768184779,Aysén
11,2019,rps,Robo por sorpresa,0.413770721216252,0.282433454100394,-0.139788676849767,0.967330119282272,Aysén
11,2019,hur,Hurto,3.37192082080513,0.811730920663636,1.78095745116686,4.9628841904434,Aysén
11,2020,vh_dmcs,Hogar víctima de delito (DMCS),6.09314974311041,0.988278345435189,4.1561597793566,8.03013970686421,Aysén
11,2020,pad,Percepción: aumentó la delincuencia en el país,77.0196322687191,2.77958379074273,71.5717481468521,82.4675163905862,Aysén
11,2020,rvi,Robo con violencia o intimidación,0.300496234629318,0.167100895899197,-0.0270155031174839,0.62800797237612,Aysén
11,2020,rps,Robo por sorpresa,0.175794305599682,0.177209388832262,-0.171529714233906,0.52311832543327,Aysén
11,2020,hur,Hurto,2.42528485398616,0.459396968246769,1.52488334161561,3.32568636635672,Aysén
11,2021,vh_dmcs,Hogar víctima de delito (DMCS),3.93452719475375,0.573292214919032,2.81089510089525,5.05815928861225,Aysén
11,2021,pad,Percepción: aumentó la delincuencia en el país,84.4907777152965,1.80433908766932,80.9543380875667,88.0272173430262,Aysén
11,2021,rvi,Robo con violencia o intimidación,0.392943920590866,0.227934858208915,-0.0538001923198518,0.839688033501583,Aysén
11,2021,rps,Robo por sorpresa,0,0,0,0,Aysén
11,2021,hur,Hurto,2.13428707510984,0.570315287756295,1.01648965127491,3.25208449894478,Aysén
11,2022,vh_dmcs,Hogar víctima de delito (DMCS),8.74370282908234,1.17060739296343,6.44935449883769,11.038051159327,Aysén
11,2022,pad,Percepción: aumentó la delincuencia en el país,88.6197711303236,1.57806337986468,85.5268237404673,91.7127185201799,Aysén
11,2022,rvi,Robo con violencia o intimidación,0.373638324785316,0.218570346305127,-0.0547516820611797,0.802028331631811,Aysén
11,2022,rps,Robo por sorpresa,0.228091303370683,0.219592416318997,-0.202301923892677,0.658484530634043,Aysén
11,2022,hur,Hurto,3.85650092212894,0.850756601250996,2.18904862406729,5.5239532201906,Aysén
11,2023,vh_dmcs,Hogar víctima de delito (DMCS),8.24881184696215,0.957344583870706,6.37245094178108,10.1251727521432,Aysén
11,2023,pad,Percepción: aumentó la delincuencia en el país,86.2755257596697,1.18140959672047,83.9600054991076,88.5910460202318,Aysén
11,2023,rvi,Robo con violencia o intimidación,0.585302812714407,0.287266933661558,0.022269968788497,1.14833565664032,Aysén
11,2023,rps,Robo por sorpresa,0.35167272936494,0.248997917120232,-0.136354220416204,0.839699679146085,Aysén
11,2023,hur,Hurto,2.50124423886726,0.556475024340784,1.41057323286327,3.59191524487124,Aysén
11,2024,vh_dmcs,Hogar víctima de delito (DMCS),5.94417640607277,0.846046888551487,4.28595497527968,7.60239783686586,Aysén
11,2024,pad,Percepción: aumentó la delincuencia en el país,87.569695974679,1.15745868594542,85.3011186366329,89.8382733127251,Aysén
11,2024,rvi,Robo con violencia o intimidación,0.169024819966405,0.16871276735885,-0.161646127789025,0.499695767721836,Aysén
11,2024,rps,Robo por sorpresa,0,0,0,0,Aysén
11,2024,hur,Hurto,1.81508594891347,0.475095797956757,0.883915295711913,2.74625660211504,Aysén
12,2018,vh_dmcs,Hogar víctima de delito (DMCS),6.54892845919272,0.822760470854078,4.93634756841551,8.16150934996993,Magallanes
12,2018,pad,Percepción: aumentó la delincuencia en el país,74.6178159969299,2.55953061393811,69.6012281762835,79.6344038175763,Magallanes
12,2018,rvi,Robo con violencia o intimidación,0.361695200808094,0.362969810689483,-0.349712555618615,1.0731029572348,Magallanes
12,2018,rps,Robo por sorpresa,0.214563391604302,0.145195970280634,-0.0700154808460883,0.499142264054693,Magallanes
12,2018,hur,Hurto,2.57029038277181,0.792580474307504,1.01686119827943,4.12371956726419,Magallanes
12,2019,vh_dmcs,Hogar víctima de delito (DMCS),11.2995907866816,1.44457514775602,8.46827552411823,14.1309060492451,Magallanes
12,2019,pad,Percepción: aumentó la delincuencia en el país,83.1497660893985,1.82264587119879,79.5774458252783,86.7220863535188,Magallanes
12,2019,rvi,Robo con violencia o intimidación,0.856333511051132,0.620050225614728,-0.358942599759669,2.07160962186193,Magallanes
12,2019,rps,Robo por sorpresa,1.49931804639528,0.580068166519975,0.362405331437943,2.63623076135261,Magallanes
12,2019,hur,Hurto,4.54584190251489,0.922978472450904,2.73683733800532,6.35484646702445,Magallanes
12,2020,vh_dmcs,Hogar víctima de delito (DMCS),4.30360597837969,1.13326743346898,2.08244262392835,6.52476933283104,Magallanes
12,2020,pad,Percepción: aumentó la delincuencia en el país,73.1435275935678,2.41326367827439,68.4136176989513,77.8734374881842,Magallanes
12,2020,rvi,Robo con violencia o intimidación,0.506650926560474,0.341193563536704,-0.162076169728345,1.17537802284929,Magallanes
12,2020,rps,Robo por sorpresa,0.28188644455487,0.18913500723461,-0.0888113578406879,0.652584246950429,Magallanes
12,2020,hur,Hurto,1.47426764399459,0.531614035847834,0.432323280056853,2.51621200793233,Magallanes
12,2021,vh_dmcs,Hogar víctima de delito (DMCS),3.18412149702606,0.576024617070872,2.05513399335868,4.31310900069345,Magallanes
12,2021,pad,Percepción: aumentó la delincuencia en el país,80.8315361207335,1.22283420698427,78.4348251159807,83.2282471254863,Magallanes
12,2021,rvi,Robo con violencia o intimidación,0.057911295733442,0.0580770464558293,-0.0559176236484429,0.171740215115327,Magallanes
12,2021,rps,Robo por sorpresa,0.154735314221896,0.0915998484274496,-0.0247970896852331,0.334267718129025,Magallanes
12,2021,hur,Hurto,0.507890388032668,0.190758466664376,0.134010663624407,0.881770112440929,Magallanes
12,2022,vh_dmcs,Hogar víctima de delito (DMCS),3.87803718669691,0.574547390252812,2.75194499438992,5.0041293790039,Magallanes
12,2022,pad,Percepción: aumentó la delincuencia en el país,90.506491887872,1.01165184081303,88.5236907149848,92.4892930607592,Magallanes
12,2022,rvi,Robo con violencia o intimidación,0.203739510250652,0.11859590030695,-0.028704183065073,0.436183203566377,Magallanes
12,2022,rps,Robo por sorpresa,0.188639857769436,0.113517102274615,-0.0338495743181588,0.411129289857032,Magallanes
12,2022,hur,Hurto,1.25266112864851,0.29831342411,0.667977561288083,1.83734469600893,Magallanes
12,2023,vh_dmcs,Hogar víctima de delito (DMCS),3.79194538064955,0.567048730364901,2.68055029165518,4.90334046964392,Magallanes
12,2023,pad,Percepción: aumentó la delincuencia en el país,85.5527893423894,1.13387850181309,83.3304283159916,87.7751503687873,Magallanes
12,2023,rvi,Robo con violencia o intimidación,0.462873449868765,0.276405968001286,-0.0788722925256861,1.00461919226322,Magallanes
12,2023,rps,Robo por sorpresa,0.203813529758699,0.159494203931169,-0.10878936568928,0.516416425206678,Magallanes
12,2023,hur,Hurto,0.809531710851539,0.310257029028668,0.201439108004953,1.41762431369813,Magallanes
12,2024,vh_dmcs,Hogar víctima de delito (DMCS),7.45670587170552,0.96045371316855,5.5742511850774,9.33916055833364,Magallanes
12,2024,pad,Percepción: aumentó la delincuencia en el país,85.8365874199381,1.34000780894575,83.210220375402,88.4629544644742,Magallanes
12,2024,rvi,Robo con violencia o intimidación,0.561378787433329,0.252072517060071,0.0673257325032306,1.05543184236343,Magallanes
12,2024,rps,Robo por sorpresa,0.653819859359745,0.314484660587112,0.0374412509187022,1.27019846780079,Magallanes
12,2024,hur,Hurto,1.98985987834689,0.489396992632951,1.0306593986441,2.94906035804969,Magallanes
13,2018,vh_dmcs,Hogar víctima de delito (DMCS),30.1188661964009,0.843288426444623,28.46605125199,31.7716811408118,Metropolitana
13,2018,pad,Percepción: aumentó la delincuencia en el país,76.0124319734124,0.984750879247525,74.0823557163431,77.9425082304817,Metropolitana
13,2018,rvi,Robo con violencia o intimidación,8.88516601944699,0.680630498914802,7.55115475479445,10.2191772840995,Metropolitana
13,2018,rps,Robo por sorpresa,6.03415550766833,0.462388533938732,5.12789063428414,6.94042038105252,Metropolitana
13,2018,hur,Hurto,11.3489616236345,0.443109887293826,10.480482203345,12.217441043924,Metropolitana
13,2019,vh_dmcs,Hogar víctima de delito (DMCS),27.4498739849305,1.18053692831011,25.1360641230231,29.7636838468378,Metropolitana
13,2019,pad,Percepción: aumentó la delincuencia en el país,81.1542504069454,0.797989818604213,79.5902191024515,82.7182817114393,Metropolitana
13,2019,rvi,Robo con violencia o intimidación,7.43252765111771,0.606821296982229,6.24317976398065,8.62187553825476,Metropolitana
13,2019,rps,Robo por sorpresa,5.79812118378452,0.545110150354114,4.72972492148324,6.8665174460858,Metropolitana
13,2019,hur,Hurto,10.2502864331287,0.727148427920318,8.82510170299001,11.6754711632675,Metropolitana
13,2020,vh_dmcs,Hogar víctima de delito (DMCS),22.818404307361,0.719717859354223,21.4077832239964,24.2290253907255,Metropolitana
13,2020,pad,Percepción: aumentó la delincuencia en el país,86.5709187422993,0.655646918051097,85.2858743963445,87.8559630882541,Metropolitana
13,2020,rvi,Robo con violencia o intimidación,7.1304801271677,0.523949728844996,6.10355752892198,8.15740272541342,Metropolitana
13,2020,rps,Robo por sorpresa,5.3691955835166,0.522756300316785,4.3446120622043,6.3937791048289,Metropolitana
13,2020,hur,Hurto,4.85080803144495,0.395312241646929,4.07601027516917,5.62560578772072,Metropolitana
13,2021,vh_dmcs,Hogar víctima de delito (DMCS),20.8362695335902,0.869497112728768,19.1320865079802,22.5404525592001,Metropolitana
13,2021,pad,Percepción: aumentó la delincuencia en el país,87.325265583017,0.665774554274611,86.0203714348155,88.6301597312184,Metropolitana
13,2021,rvi,Robo con violencia o intimidación,5.59420256064601,0.481916743568919,4.6496630997041,6.53874202158792,Metropolitana
13,2021,rps,Robo por sorpresa,4.151983418355,0.434014305348787,3.30133101109621,5.00263582561379,Metropolitana
13,2021,hur,Hurto,5.91769429504789,0.58376785703965,4.77353031991805,7.06185827017773,Metropolitana
13,2022,vh_dmcs,Hogar víctima de delito (DMCS),27.6707730925011,1.0493408482011,25.6141028225202,29.7274433624819,Metropolitana
13,2022,pad,Percepción: aumentó la delincuencia en el país,88.9847077187596,0.710465339923839,87.5922212402448,90.3771941972743,Metropolitana
13,2022,rvi,Robo con violencia o intimidación,8.12166796622556,0.540644109575213,7.06202498300442,9.1813109494467,Metropolitana
13,2022,rps,Robo por sorpresa,6.39011156349743,0.508047436321073,5.39435688587022,7.38586624112464,Metropolitana
13,2022,hur,Hurto,7.02986246760345,0.44789653763885,6.15200138503111,7.90772355017578,Metropolitana
13,2023,vh_dmcs,Hogar víctima de delito (DMCS),26.2151449502694,0.446078978175861,25.3408462187843,27.0894436817545,Metropolitana
13,2023,pad,Percepción: aumentó la delincuencia en el país,86.0323309923149,0.374065997965274,85.2991751084619,86.7654868761678,Metropolitana
13,2023,rvi,Robo con violencia o intimidación,6.11994548970282,0.268497674702243,5.59369971735367,6.64619126205197,Metropolitana
13,2023,rps,Robo por sorpresa,5.82810143305704,0.256656150368497,5.32506462192409,6.33113824418999,Metropolitana
13,2023,hur,Hurto,6.93793975954166,0.274665578769063,6.39960511736145,7.47627440172187,Metropolitana
13,2024,vh_dmcs,Hogar víctima de delito (DMCS),28.4525275045526,0.726004160632477,27.0295854970867,29.8754695120185,Metropolitana
13,2024,pad,Percepción: aumentó la delincuencia en el país,86.8926118059972,0.569680544296081,85.7760584564838,88.0091651555107,Metropolitana
13,2024,rvi,Robo con violencia o intimidación,6.42606877725062,0.437957398829583,5.56768804878179,7.28444950571945,Metropolitana
13,2024,rps,Robo por sorpresa,6.7204186715342,0.41186297855273,5.91318206700546,7.52765527606295,Metropolitana
13,2024,hur,Hurto,9.08020679632557,0.496808985079247,8.10647907837435,10.0539345142768,Metropolitana
14,2018,vh_dmcs,Hogar víctima de delito (DMCS),20.6648845265638,1.42935901029239,17.8633923454129,23.4663767077147,Los Ríos
14,2018,pad,Percepción: aumentó la delincuencia en el país,69.6392332801314,2.29789267590791,65.1354463950135,74.1430201652493,Los Ríos
14,2018,rvi,Robo con violencia o intimidación,1.51579571046592,0.403159015890196,0.72561855927853,2.30597286165332,Los Ríos
14,2018,rps,Robo por sorpresa,2.51070389660853,0.641701285634686,1.2529924879315,3.76841530528556,Los Ríos
14,2018,hur,Hurto,12.1581751995184,1.10329888183007,9.99574912694819,14.3206012720887,Los Ríos
14,2019,vh_dmcs,Hogar víctima de delito (DMCS),17.9952437233155,1.70752310604701,14.6485599326934,21.3419275139376,Los Ríos
14,2019,pad,Percepción: aumentó la delincuencia en el país,76.2128894363022,2.33425965104322,71.6378245896924,80.7879542829119,Los Ríos
14,2019,rvi,Robo con violencia o intimidación,1.14118970153318,0.497611344863779,0.165889387301633,2.11649001576473,Los Ríos
14,2019,rps,Robo por sorpresa,1.18154521617365,0.563390454023097,0.0773202170547112,2.28577021529259,Los Ríos
14,2019,hur,Hurto,9.24591041202551,1.11303173459778,7.06440829856372,11.4274125254873,Los Ríos
14,2020,vh_dmcs,Hogar víctima de delito (DMCS),16.7030448481052,1.7452580995194,13.2824018293203,20.12368786689,Los Ríos
14,2020,pad,Percepción: aumentó la delincuencia en el país,77.2779264211623,2.67061026595986,72.043626483138,82.5122263591866,Los Ríos
14,2020,rvi,Robo con violencia o intimidación,0.413932835346112,0.262076940134515,-0.0997285284959971,0.927594199188221,Los Ríos
14,2020,rps,Robo por sorpresa,0.440039730568309,0.278776197048533,-0.106351575393856,0.986431036530475,Los Ríos
14,2020,hur,Hurto,3.93999199307606,1.02261564305593,1.93570216265918,5.94428182349295,Los Ríos
14,2021,vh_dmcs,Hogar víctima de delito (DMCS),13.8239613753142,2.57837848696245,8.77043240235495,18.8774903482735,Los Ríos
14,2021,pad,Percepción: aumentó la delincuencia en el país,84.8937713430409,1.70544942865425,81.5511518854241,88.2363908006576,Los Ríos
14,2021,rvi,Robo con violencia o intimidación,1.56427607316852,0.591185425246764,0.405573931499861,2.72297821483717,Los Ríos
14,2021,rps,Robo por sorpresa,0.577810853019987,0.273232867757441,0.0422842728228063,1.11333743321717,Los Ríos
14,2021,hur,Hurto,2.76954631642472,1.18776945276874,0.441560967061152,5.0975316657883,Los Ríos
14,2022,vh_dmcs,Hogar víctima de delito (DMCS),21.9952259187621,2.74478563768375,16.6155449236192,27.3749069139051,Los Ríos
14,2022,pad,Percepción: aumentó la delincuencia en el país,89.6139940729779,1.95295528285885,85.7862720551573,93.4417160907985,Los Ríos
14,2022,rvi,Robo con violencia o intimidación,1.51192535320826,0.529490420689949,0.474143198496995,2.54970750791952,Los Ríos
14,2022,rps,Robo por sorpresa,1.54893262611986,0.590068261633195,0.39242008489864,2.70544516734108,Los Ríos
14,2022,hur,Hurto,10.1907738914417,2.74060974009187,4.81927750518195,15.5622702777015,Los Ríos
14,2023,vh_dmcs,Hogar víctima de delito (DMCS),21.6365299194371,1.653365409148,18.3959932642227,24.8770665746515,Los Ríos
14,2023,pad,Percepción: aumentó la delincuencia en el país,84.7672721785037,1.37553772374608,82.0712677805851,87.4632765764222,Los Ríos
14,2023,rvi,Robo con violencia o intimidación,2.34746092266562,0.746592646309281,0.884166224776976,3.81075562055426,Los Ríos
14,2023,rps,Robo por sorpresa,2.11574097788695,0.694779268718793,0.753998633993037,3.47748332178086,Los Ríos
14,2023,hur,Hurto,9.80411350735812,1.2135088738123,7.42567981976626,12.18254719495,Los Ríos
14,2024,vh_dmcs,Hogar víctima de delito (DMCS),19.7880719328053,1.47764998020253,16.8919311898521,22.6842126757586,Los Ríos
14,2024,pad,Percepción: aumentó la delincuencia en el país,82.1349676013687,1.80327365637695,78.6006161806,85.6693190221373,Los Ríos
14,2024,rvi,Robo con violencia o intimidación,0.916402125950665,0.378402101737165,0.174747634871561,1.65805661702977,Los Ríos
14,2024,rps,Robo por sorpresa,2.22414352713272,0.484081492726027,1.27536123580732,3.17292581845812,Los Ríos
14,2024,hur,Hurto,5.79403657390366,0.813924056288595,4.19877473742726,7.38929841038005,Los Ríos
15,2018,vh_dmcs,Hogar víctima de delito (DMCS),24.3412893340672,1.95807937845079,20.5035242734331,28.1790543947013,Arica y Parinacota
15,2018,pad,Percepción: aumentó la delincuencia en el país,83.7557435770726,1.22092507391779,81.3627744043718,86.1487127497734,Arica y Parinacota
15,2018,rvi,Robo con violencia o intimidación,4.36649067322093,1.02740792806654,2.3528081367796,6.38017320966226,Arica y Parinacota
15,2018,rps,Robo por sorpresa,2.16587354291907,0.563625734750518,1.06118740204813,3.27055968379001,Arica y Parinacota
15,2018,hur,Hurto,6.39468498980944,0.960244497698696,4.51264035796724,8.27672962165164,Arica y Parinacota
15,2019,vh_dmcs,Hogar víctima de delito (DMCS),29.3457515313592,2.58351602247573,24.2821531738246,34.4093498888938,Arica y Parinacota
15,2019,pad,Percepción: aumentó la delincuencia en el país,86.496114164262,2.5916437403419,81.4165857724332,91.5756425560908,Arica y Parinacota
15,2019,rvi,Robo con violencia o intimidación,4.5728149692099,0.959027360983308,2.69315588149413,6.45247405692568,Arica y Parinacota
15,2019,rps,Robo por sorpresa,2.78622373154208,0.65031988665483,1.51162017526844,4.06082728781571,Arica y Parinacota
15,2019,hur,Hurto,8.77591956443796,1.0065935500685,6.80303245923339,10.7488066696425,Arica y Parinacota
15,2020,vh_dmcs,Hogar víctima de delito (DMCS),29.8521670527684,1.79546706316105,26.3331162735448,33.3712178319919,Arica y Parinacota
15,2020,pad,Percepción: aumentó la delincuencia en el país,85.4369650488849,1.08430517220131,83.3117659631198,87.5621641346499,Arica y Parinacota
15,2020,rvi,Robo con violencia o intimidación,5.24984307825179,0.809738553535467,3.66278467642872,6.83690148007487,Arica y Parinacota
15,2020,rps,Robo por sorpresa,2.62500452433207,0.471056465803153,1.70175081667317,3.54825823199098,Arica y Parinacota
15,2020,hur,Hurto,4.57824256233136,1.0814286835626,2.45868129070011,6.69780383396261,Arica y Parinacota
15,2021,vh_dmcs,Hogar víctima de delito (DMCS),29.4179821571204,1.73544631976872,26.0165698732712,32.8193944409697,Arica y Parinacota
15,2021,pad,Percepción: aumentó la delincuencia en el país,92.2459700744409,1.04231247075418,90.2030751711257,94.288864977756,Arica y Parinacota
15,2021,rvi,Robo con violencia o intimidación,3.69739704581058,0.790656222552985,2.14773932545424,5.24705476616691,Arica y Parinacota
15,2021,rps,Robo por sorpresa,2.46349042364394,0.694980154298347,1.10135435124909,3.82562649603878,Arica y Parinacota
15,2021,hur,Hurto,3.56403117778376,0.932766642784631,1.73584215194555,5.39222020362197,Arica y Parinacota
15,2022,vh_dmcs,Hogar víctima de delito (DMCS),31.7328642287607,1.52915617706846,28.7357731949695,34.7299552625518,Arica y Parinacota
15,2022,pad,Percepción: aumentó la delincuencia en el país,94.7669074035366,1.03673870676882,92.7349368768911,96.7988779301821,Arica y Parinacota
15,2022,rvi,Robo con violencia o intimidación,6.43446475665533,1.17168693228478,4.13800056822095,8.73092894508971,Arica y Parinacota
15,2022,rps,Robo por sorpresa,3.35317172373853,0.546026644774885,2.28297916538051,4.42336428209655,Arica y Parinacota
15,2022,hur,Hurto,3.63165661486653,0.543316516069948,2.56677581116365,4.69653741856941,Arica y Parinacota
15,2023,vh_dmcs,Hogar víctima de delito (DMCS),32.9503792677476,1.50931274735032,29.9921806415338,35.9085778939615,Arica y Parinacota
15,2023,pad,Percepción: aumentó la delincuencia en el país,89.7769819094822,1.05050735740537,87.7180253234734,91.8359384954911,Arica y Parinacota
15,2023,rvi,Robo con violencia o intimidación,5.0068070183099,0.706982911220229,3.62114597463297,6.39246806198683,Arica y Parinacota
15,2023,rps,Robo por sorpresa,2.44457179897497,0.516446581885703,1.43235509854018,3.45678849940977,Arica y Parinacota
15,2023,hur,Hurto,4.30435245092786,0.606998832931749,3.11465659972379,5.49404830213193,Arica y Parinacota
15,2024,vh_dmcs,Hogar víctima de delito (DMCS),28.6014583776351,1.60620493087404,25.4533545613314,31.7495621939389,Arica y Parinacota
15,2024,pad,Percepción: aumentó la delincuencia en el país,88.622942831411,0.95742379378687,86.746426677647,90.4994589851749,Arica y Parinacota
15,2024,rvi,Robo con violencia o intimidación,3.67360129281343,0.673019618307376,2.35450708004208,4.99269550558478,Arica y Parinacota
15,2024,rps,Robo por sorpresa,1.82736026774174,0.41613130099826,1.01175790494536,2.64296263053813,Arica y Parinacota
15,2024,hur,Hurto,5.31996173172705,0.708083374311037,3.93214382002583,6.70777964342828,Arica y Parinacota
16,2018,vh_dmcs,Hogar víctima de delito (DMCS),23.7795896000638,2.66110591694165,18.5639178438117,28.9952613563158,Ñuble
16,2018,pad,Percepción: aumentó la delincuencia en el país,78.0700316264677,1.30240339910555,75.5173678708783,80.6226953820571,Ñuble
16,2018,rvi,Robo con violencia o intimidación,2.35567582890058,0.721585640010694,0.941393962718333,3.76995769508282,Ñuble
16,2018,rps,Robo por sorpresa,2.420633898349,0.62854473976255,1.1887088457423,3.6525589509557,Ñuble
16,2018,hur,Hurto,8.21143506328585,1.62927613409873,5.01811251958169,11.40475760699,Ñuble
16,2019,vh_dmcs,Hogar víctima de delito (DMCS),19.2053669367981,1.81401610198567,15.6499607095304,22.7607731640657,Ñuble
16,2019,pad,Percepción: aumentó la delincuencia en el país,80.226810142972,1.57774167820718,77.1344932767781,83.3191270091658,Ñuble
16,2019,rvi,Robo con violencia o intimidación,2.30185551202571,0.536388868715119,1.25055264763589,3.35315837641552,Ñuble
16,2019,rps,Robo por sorpresa,3.19868820774971,0.827411445254872,1.57699157465392,4.82038484084549,Ñuble
16,2019,hur,Hurto,7.04471741589383,0.778448017638998,5.51898733748479,8.57044749430287,Ñuble
16,2020,vh_dmcs,Hogar víctima de delito (DMCS),19.3071019805928,1.97888538178198,15.4285579027673,23.1856460584182,Ñuble
16,2020,pad,Percepción: aumentó la delincuencia en el país,84.1186147717865,1.17983553522324,81.8061796150684,86.4310499285046,Ñuble
16,2020,rvi,Robo con violencia o intimidación,1.44934164651541,0.330355138499524,0.801857472948603,2.09682582008222,Ñuble
16,2020,rps,Robo por sorpresa,2.78906258536398,0.817834009512801,1.18613738138691,4.39198778934106,Ñuble
16,2020,hur,Hurto,8.12113456010808,1.52557712465785,5.13105834014052,11.1112107800756,Ñuble
16,2021,vh_dmcs,Hogar víctima de delito (DMCS),13.849361852528,1.12548324938615,11.643455218528,16.055268486528,Ñuble
16,2021,pad,Percepción: aumentó la delincuencia en el país,85.9637714093368,1.711785675004,82.6087331370774,89.3188096815962,Ñuble
16,2021,rvi,Robo con violencia o intimidación,1.85696095025306,0.387191020740464,1.09808049446445,2.61584140604167,Ñuble
16,2021,rps,Robo por sorpresa,1.82519505753376,0.681561270144194,0.489359514793764,3.16103060027375,Ñuble
16,2021,hur,Hurto,2.83458552520362,0.508154949136966,1.83862012632938,3.83055092407785,Ñuble
16,2022,vh_dmcs,Hogar víctima de delito (DMCS),14.3051209144436,1.88121877402381,10.6179998703163,17.9922419585708,Ñuble
16,2022,pad,Percepción: aumentó la delincuencia en el país,94.2343453031173,0.939485655658943,92.3929872540338,96.0757033522009,Ñuble
16,2022,rvi,Robo con violencia o intimidación,2.37347426715821,0.468649691728657,1.45493775000425,3.29201078431218,Ñuble
16,2022,rps,Robo por sorpresa,1.90159323543561,0.394743058013673,1.1279110585816,2.67527541228961,Ñuble
16,2022,hur,Hurto,2.5903964464494,0.689342834204487,1.23930931840785,3.94148357449096,Ñuble
16,2023,vh_dmcs,Hogar víctima de delito (DMCS),15.3585240872861,1.17919695207469,13.0473405305403,17.6697076440319,Ñuble
16,2023,pad,Percepción: aumentó la delincuencia en el país,92.2074756000556,0.960414655698905,90.3250974646613,94.0898537354499,Ñuble
16,2023,rvi,Robo con violencia o intimidación,2.30969006139053,0.601037120301069,1.13167895222877,3.48770117055229,Ñuble
16,2023,rps,Robo por sorpresa,1.82232070437412,0.47524534103558,0.89085695212393,2.75378445662432,Ñuble
16,2023,hur,Hurto,3.51846270056166,0.651703173277332,2.24114795232763,4.7957774487957,Ñuble
16,2024,vh_dmcs,Hogar víctima de delito (DMCS),17.9148039445847,1.33193256115993,15.3042640948751,20.5253437942944,Ñuble
16,2024,pad,Percepción: aumentó la delincuencia en el país,92.1659387888799,1.0694649344874,90.0698260345561,94.2620515432037,Ñuble
16,2024,rvi,Robo con violencia o intimidación,1.37758128704749,0.410125034268734,0.573750990722521,2.18141158337247,Ñuble
16,2024,rps,Robo por sorpresa,1.64475373244222,0.453014986653514,0.75686067414444,2.53264679074,Ñuble
16,2024,hur,Hurto,5.9981415902479,0.731658077563235,4.56411810922615,7.43216507126966,Ñuble
