anio,indicador,etiqueta,nivel,est,se,li,ls,n
2008,vh_dmcs,Hogar víctima de delito (DMCS),hogar,31.8968695632695,0.421533860022838,31.0706783793606,32.7230607471784,25931
2008,rfv,Robo con fuerza en la vivienda,hogar,5.00126275261341,0.189180707793087,4.63047537876916,5.37205012645766,25931
2008,rdv,Robo de vehículo (hogares con vehículo),hogar,1.69093278413338,0.180884909571734,1.336404876026,2.04546069224077,9933
2008,rddv,Robo desde vehículo (hogares con vehículo),hogar,18.5826488613217,0.566140331940168,17.4730342005234,19.69226352212,9933
2008,pad,Percepción: aumentó la delincuencia en el país,persona,80.3818855102379,0.419680354862446,79.5593271296885,81.2044438907873,25931
2008,rvi,Robo con violencia o intimidación,persona,7.56946579902575,0.295323831682756,6.99064172515118,8.14828987290032,25931
2008,rps,Robo por sorpresa,persona,9.10450483275188,0.311752672314972,8.49348082293042,9.71552884257334,25931
2008,hur,Hurto,persona,10.2911426016475,0.349629780100705,9.60588082472745,10.9764043785675,25931
2008,les,Lesiones,persona,3.0377416971465,0.174194507910117,2.69632673533799,3.37915665895501,25931
2009,vh_dmcs,Hogar víctima de delito (DMCS),hogar,30.6689717402029,0.545258464231025,29.6002847880445,31.7376586923613,25933
2009,rfv,Robo con fuerza en la vivienda,hogar,5.1124375696022,0.243083522064068,4.63600262112148,5.58887251808292,25933
2009,rdv,Robo de vehículo (hogares con vehículo),hogar,2.20678333187598,0.235264781577316,1.74567283315375,2.6678938305982,10133
2009,rddv,Robo desde vehículo (hogares con vehículo),hogar,16.9695729425232,0.639832612474662,15.7155240659387,18.2236218191077,10133
2009,pad,Percepción: aumentó la delincuencia en el país,persona,78.4357240504925,0.498715044919377,77.4582605239022,79.4131875770827,25933
2009,rvi,Robo con violencia o intimidación,persona,7.33695450763599,0.358809183069958,6.63370143149663,8.04020758377534,25933
2009,rps,Robo por sorpresa,persona,8.03310890935139,0.337206299774178,7.37219670643398,8.69402111226879,25933
2009,hur,Hurto,persona,9.14834511604301,0.327177546766342,8.50708890783081,9.78960132425521,25933
2009,les,Lesiones,persona,3.42165051121486,0.293882963323893,2.84565048743012,3.9976505349996,25933
2010,vh_dmcs,Hogar víctima de delito (DMCS),hogar,25.5999568981625,0.458302062933761,24.7017013607719,26.498212435553,25933
2010,rfv,Robo con fuerza en la vivienda,hogar,4.03419158760647,0.190905094368125,3.66002447817973,4.40835869703322,25933
2010,rdv,Robo de vehículo (hogares con vehículo),hogar,2.40970373827308,0.386573278627985,1.65203403477666,3.16737344176949,10616
2010,rddv,Robo desde vehículo (hogares con vehículo),hogar,13.4774011472867,0.544917738310808,12.4093820056605,14.5454202889129,10616
2010,pad,Percepción: aumentó la delincuencia en el país,persona,60.235286463223,0.748536635111827,58.768181617295,61.7023913091509,25933
2010,rvi,Robo con violencia o intimidación,persona,5.88709350361975,0.279857725051477,5.33858244172355,6.43560456551596,25933
2010,rps,Robo por sorpresa,persona,5.48704789871787,0.27374589413592,4.95051580529575,6.02357999213998,25933
2010,hur,Hurto,persona,9.19731092761431,0.358084985645719,8.49547725234416,9.89914460288446,25933
2010,les,Lesiones,persona,2.0791614936571,0.184602089061191,1.71734804762631,2.44097493968789,25933
2011,vh_dmcs,Hogar víctima de delito (DMCS),hogar,28.841200313438,0.492940908622975,27.8750538860305,29.8073467408455,25933
2011,rfv,Robo con fuerza en la vivienda,hogar,5.28454333441033,0.236607390523439,4.82080137050838,5.74828529831227,25933
2011,rdv,Robo de vehículo (hogares con vehículo),hogar,2.55276516574046,0.241261590129544,2.07990113823369,3.02562919324723,10621
2011,rddv,Robo desde vehículo (hogares con vehículo),hogar,16.2701982959166,0.549155690877505,15.1938729198915,17.3465236719417,10621
2011,pad,Percepción: aumentó la delincuencia en el país,persona,82.5758652594828,0.429146170781083,81.7347542206486,83.416976298317,25933
2011,rvi,Robo con violencia o intimidación,persona,6.15259740192666,0.282088181061013,5.59971472658266,6.70548007727066,25933
2011,rps,Robo por sorpresa,persona,6.88177108357101,0.289352035213244,6.31465151569969,7.44889065144234,25933
2011,hur,Hurto,persona,9.55811656373685,0.339004975031456,8.8936790220953,10.2225541053784,25933
2011,les,Lesiones,persona,2.77117166615192,0.189953422395316,2.39886979951697,3.14347353278686,25933
2012,vh_dmcs,Hogar víctima de delito (DMCS),hogar,24.3328385973094,0.515672773513055,23.3221385334159,25.3435386612029,25933
2012,rfv,Robo con fuerza en la vivienda,hogar,4.32042151869243,0.227307920190675,3.874906181718,4.76593685566686,25933
2012,rdv,Robo de vehículo (hogares con vehículo),hogar,2.03644809381249,0.216733535095023,1.61165817078419,2.46123801684078,11013
2012,rddv,Robo desde vehículo (hogares con vehículo),hogar,12.3266770497772,0.516986227437721,11.3134026634961,13.3399514360584,11013
2012,pad,Percepción: aumentó la delincuencia en el país,persona,70.6256917227662,0.576140693765805,69.4964767129574,71.7549067325751,25933
2012,rvi,Robo con violencia o intimidación,persona,4.89226896642602,0.277142880768927,4.34907890154725,5.4354590313048,25933
2012,rps,Robo por sorpresa,persona,5.00159313662787,0.280780372113909,4.45127371971886,5.55191255353689,25933
2012,hur,Hurto,persona,8.5843799965334,0.36178555128601,7.87529334588585,9.29346664718095,25933
2012,les,Lesiones,persona,1.94279573036599,0.233697684637121,1.48475668520683,2.40083477552514,25933
2013,vh_dmcs,Hogar víctima de delito (DMCS),hogar,22.8067372538811,0.521025514630631,21.7855460101786,23.8279284975835,25933
2013,rfv,Robo con fuerza en la vivienda,hogar,4.18748582767498,0.248307560533262,3.70081195194079,4.67415970340917,25933
2013,rdv,Robo de vehículo (hogares con vehículo),hogar,1.5990103494477,0.19190234398506,1.22288866668817,1.97513203220723,11814
2013,rddv,Robo desde vehículo (hogares con vehículo),hogar,11.0569739053275,0.481066211787392,10.1141014560451,11.9998463546099,11814
2013,pad,Percepción: aumentó la delincuencia en el país,persona,71.1775829893338,0.619612565099369,69.9631646773706,72.3920013012971,25933
2013,rvi,Robo con violencia o intimidación,persona,4.60685290139601,0.267857488623762,4.08186187070409,5.13184393208793,25933
2013,rps,Robo por sorpresa,persona,4.05220419171436,0.234317321369799,3.59295068087566,4.51145770255307,25933
2013,hur,Hurto,persona,8.64001122264284,0.368742125301444,7.91728993746925,9.36273250781642,25933
2013,les,Lesiones,persona,1.59255319252304,0.140588230174491,1.31700532473081,1.86810106031527,25933
2014,vh_dmcs,Hogar víctima de delito (DMCS),hogar,23.4772291611389,0.681505677679779,22.141502577627,24.8129557446509,10015
2014,rfv,Robo con fuerza en la vivienda,hogar,3.66907900248896,0.284562343556883,3.11134705776116,4.22681094721677,10015
2014,rdv,Robo de vehículo (hogares con vehículo),hogar,1.43911158102581,0.197571381071672,1.05187878974949,1.82634437230212,4733
2014,rddv,Robo desde vehículo (hogares con vehículo),hogar,11.844372537935,0.677485184597464,10.5165259760645,13.1722190998055,4733
2014,pad,Percepción: aumentó la delincuencia en el país,persona,79.9364561565909,0.581445488046209,78.796843941047,81.0760683721348,10015
2014,rvi,Robo con violencia o intimidación,persona,4.50452143197324,0.297668932663129,3.92110104463703,5.08794181930945,10015
2014,rps,Robo por sorpresa,persona,4.82475949559464,0.353680907625831,4.13155765462857,5.5179613365607,10015
2014,hur,Hurto,persona,9.77989991478461,0.478527445867307,8.84200335527075,10.7177964742985,10015
2014,les,Lesiones,persona,1.59215648822636,0.196084846140758,1.2078372518764,1.97647572457633,10015
2015,vh_dmcs,Hogar víctima de delito (DMCS),hogar,26.3725808855846,0.565660821893689,25.2639060472076,27.4812557239615,25660
2015,rfv,Robo con fuerza en la vivienda,hogar,4.91203395035495,0.286043258888059,4.35139946491389,5.47266843579601,25660
2015,rdv,Robo de vehículo (hogares con vehículo),hogar,1.85916432378642,0.200983070855616,1.46524474340715,2.25308390416569,12141
2015,rddv,Robo desde vehículo (hogares con vehículo),hogar,12.9137890106884,0.53167735946436,11.8717205347429,13.9558574866339,12141
2015,pad,Percepción: aumentó la delincuencia en el país,persona,86.7843426480802,0.455579530502838,85.891423176201,87.6772621199594,25660
2015,rvi,Robo con violencia o intimidación,persona,5.39666476675719,0.265003518365509,4.87726741498439,5.91606211852998,25660
2015,rps,Robo por sorpresa,persona,5.26016486715935,0.304592854366347,4.66317384265305,5.85715589166564,25660
2015,hur,Hurto,persona,9.7080373307883,0.38663947658,8.95023788169008,10.4658367798865,25660
2015,les,Lesiones,persona,2.04373544047028,0.261057915411763,1.53207132838412,2.55539955255644,25660
2016,vh_dmcs,Hogar víctima de delito (DMCS),hogar,27.2887510247705,0.472236090000269,26.3631852961699,28.214316753371,25227
2016,rfv,Robo con fuerza en la vivienda,hogar,5.12829055056591,0.199451801003763,4.73737220394688,5.51920889718493,25227
2016,rdv,Robo de vehículo (hogares con vehículo),hogar,1.61013219575305,0.154600921915408,1.30711995682216,1.91314443468393,12703
2016,rddv,Robo desde vehículo (hogares con vehículo),hogar,13.8478241511171,0.615295529276985,12.6418670738857,15.0537812283485,12703
2016,pad,Percepción: aumentó la delincuencia en el país,persona,84.953215260201,0.379500754696822,84.2094074488894,85.6970230715125,25227
2016,rvi,Robo con violencia o intimidación,persona,5.95867320713672,0.243045369438072,5.48231303642887,6.43503337784458,25227
2016,rps,Robo por sorpresa,persona,5.252600717315,0.232580529252895,4.79675125647406,5.70845017815594,25227
2016,hur,Hurto,persona,9.64460377898487,0.301561042459811,9.05355499662329,10.2356525613465,25227
2016,les,Lesiones,persona,1.50171773997886,0.118315161552028,1.26982428451185,1.73361119544588,25227
2017,vh_dmcs,Hogar víctima de delito (DMCS),hogar,27.9529500840358,0.456468604450199,27.0582880592401,28.8476121088314,27616
2017,rfv,Robo con fuerza en la vivienda,hogar,5.08281222614597,0.219524383438262,4.65255234087861,5.51307211141332,27616
2017,rdv,Robo de vehículo (hogares con vehículo),hogar,1.4190058663898,0.143320720696126,1.13810241558706,1.69990931719253,14195
2017,rddv,Robo desde vehículo (hogares con vehículo),hogar,14.2034926520407,0.385295171926471,13.4483279916477,14.9586573124338,14195
2017,pad,Percepción: aumentó la delincuencia en el país,persona,80.7864912597473,0.406680440577699,79.9894122429982,81.5835702764965,27616
2017,rvi,Robo con violencia o intimidación,persona,6.17878719610772,0.262976214059859,5.6633632877597,6.69421110445574,27616
2017,rps,Robo por sorpresa,persona,5.17710944287692,0.253963248106374,4.67935062319161,5.67486826256222,27616
2017,hur,Hurto,persona,10.2039090654693,0.331032385457015,9.55509751225716,10.8527206186814,27616
2017,les,Lesiones,persona,1.90964541216193,0.155231352261124,1.60539755245868,2.21389327186519,27616
2018,vh_dmcs,Hogar víctima de delito (DMCS),hogar,25.3754930156527,0.45167708067261,24.4902222048922,26.2607638264132,27025
2018,rfv,Robo con fuerza en la vivienda,hogar,4.78266986599741,0.190690745210723,4.40892287319928,5.15641685879553,27025
2018,rdv,Robo de vehículo (hogares con vehículo),hogar,0.983721349579954,0.131303328780799,0.726371554119366,1.24107114504054,13913
2018,rddv,Robo desde vehículo (hogares con vehículo),hogar,11.6146725604965,0.408096942075176,10.8148172518283,12.4145278691648,13913
2018,pad,Percepción: aumentó la delincuencia en el país,persona,76.8417349171468,0.50704405646452,75.8479468279012,77.8355230063923,27025
2018,rvi,Robo con violencia o intimidación,persona,5.6112782591171,0.327103785316136,4.97016662069075,6.25238989754345,27025
2018,rps,Robo por sorpresa,persona,4.42885261484273,0.225407205361597,3.98706261047818,4.87064261920729,27025
2018,hur,Hurto,persona,9.6864011500285,0.254384564407282,9.18781656556732,10.1849857344897,27025
2018,les,Lesiones,persona,1.30604232065123,0.125624994316678,1.05982185623249,1.55226278506996,27025
2019,vh_dmcs,Hogar víctima de delito (DMCS),hogar,23.3416430522652,0.562486323402496,22.2391901166,24.4440959879304,24465
2019,rfv,Robo con fuerza en la vivienda,hogar,3.53159531210697,0.185920821221517,3.16719719853669,3.89599342567726,24465
2019,rdv,Robo de vehículo (hogares con vehículo),hogar,1.01397895743304,0.270792777084648,0.483234867073546,1.54472304779253,12190
2019,rddv,Robo desde vehículo (hogares con vehículo),hogar,10.5479478499095,0.620932738646077,9.33094204534139,11.7649536544777,12190
2019,pad,Percepción: aumentó la delincuencia en el país,persona,81.9999921202352,0.445527077909813,81.1267750933946,82.8732091470758,24465
2019,rvi,Robo con violencia o intimidación,persona,4.82010861193008,0.268507026241187,4.29384451090141,5.34637271295876,24465
2019,rps,Robo por sorpresa,persona,4.06547013414856,0.266609245847827,3.54292561434143,4.58801465395568,24465
2019,hur,Hurto,persona,8.99821775888379,0.38443896638415,8.24473123051705,9.75170428725052,24465
2019,les,Lesiones,persona,1.61557074063354,0.191350906842438,1.24052985481329,1.9906116264538,24465
2020,vh_dmcs,Hogar víctima de delito (DMCS),hogar,19.1738601014466,0.41263729333358,18.3651058678347,19.9826143350585,23656
2020,rfv,Robo con fuerza en la vivienda,hogar,3.01350399834759,0.163689399797308,2.69267867009389,3.33432932660129,23656
2020,rdv,Robo de vehículo (hogares con vehículo),hogar,0.92622996316109,0.124291086869842,0.68262390929686,1.16983601702532,12486
2020,rddv,Robo desde vehículo (hogares con vehículo),hogar,10.4558391662974,0.446481583541723,9.58075134279522,11.3309269897996,12486
2020,pad,Percepción: aumentó la delincuencia en el país,persona,84.313486331116,0.394464451083183,83.5403502138116,85.0866224484204,23656
2020,rvi,Robo con violencia o intimidación,persona,4.59567119258908,0.259183496109465,4.08768087482735,5.10366151035081,23656
2020,rps,Robo por sorpresa,persona,3.64906578571036,0.252064518986402,3.15502840671661,4.14310316470413,23656
2020,hur,Hurto,persona,4.69893418186072,0.22854138489817,4.2510012984834,5.14686706523804,23656
2020,les,Lesiones,persona,1.14612419818051,0.0972212704395139,0.955574009587834,1.33667438677319,23656
2021,vh_dmcs,Hogar víctima de delito (DMCS),hogar,16.9187090764702,0.433043942841321,16.069958544778,17.7674596081624,22180
2021,rfv,Robo con fuerza en la vivienda,hogar,2.51125625790945,0.158495463764894,2.20061085721729,2.82190165860162,22180
2021,rdv,Robo de vehículo (hogares con vehículo),hogar,0.747627932098307,0.11345954165145,0.525251316759043,0.970004547437571,11775
2021,rddv,Robo desde vehículo (hogares con vehículo),hogar,10.0260962665331,0.48420232992081,9.07707713865793,10.9751153944083,11775
2021,pad,Percepción: aumentó la delincuencia en el país,persona,86.8991157002706,0.401842114602922,86.1115196281775,87.6867117723638,22180
2021,rvi,Robo con violencia o intimidación,persona,3.88582405637664,0.24145687031329,3.41257728674283,4.35907082601045,22180
2021,rps,Robo por sorpresa,persona,2.92290912744804,0.212115768019372,2.50716986157702,3.33864839331906,22180
2021,hur,Hurto,persona,4.53047366315243,0.289547957364322,3.96297009492122,5.09797723138364,22180
2021,les,Lesiones,persona,0.882215635556566,0.10005792771286,0.686105700871649,1.07832557024148,22180
2022,vh_dmcs,Hogar víctima de delito (DMCS),hogar,21.75748240213,0.497166566741105,20.783053837,22.73191096726,23360
2022,rfv,Robo con fuerza en la vivienda,hogar,3.17631127002025,0.191069708269289,2.80182152327587,3.55080101676463,23360
2022,rdv,Robo de vehículo (hogares con vehículo),hogar,1.68501704263954,0.300165209027829,1.09670404353305,2.27333004174602,12281
2022,rddv,Robo desde vehículo (hogares con vehículo),hogar,13.029168686488,0.502612277193633,12.0440667250009,14.0142706479752,12281
2022,pad,Percepción: aumentó la delincuencia en el país,persona,90.5714095297434,0.389575993226811,89.8078546137774,91.3349644457094,23360
2022,rvi,Robo con violencia o intimidación,persona,5.32608025091775,0.265088876166094,4.80651560093001,5.84564490090549,23360
2022,rps,Robo por sorpresa,persona,4.18041195150567,0.246235402944517,3.69779943001571,4.66302447299563,23360
2022,hur,Hurto,persona,5.6201893273356,0.244560830905771,5.1408589067311,6.0995197479401,23360
2022,les,Lesiones,persona,1.02754116911285,0.1392649299857,0.754586922031384,1.30049541619431,23360
2023,vh_dmcs,Hogar víctima de delito (DMCS),hogar,21.7382515195981,0.253243064702584,21.2419042334465,22.2345988057497,42460
2023,rfv,Robo con fuerza en la vivienda,hogar,2.96384250060611,0.101526691481901,2.76485384183208,3.16283115938015,42460
2023,rdv,Robo de vehículo (hogares con vehículo),hogar,2.16433750528993,0.121617735535102,1.92597112375982,2.40270388682005,23302
2023,rddv,Robo desde vehículo (hogares con vehículo),hogar,14.5185208805423,0.28122885861225,13.967322446249,15.0697193148356,23302
2023,pad,Percepción: aumentó la delincuencia en el país,persona,87.5740253763582,0.214728144966892,87.153165945756,87.9948848069604,42460
2023,rvi,Robo con violencia o intimidación,persona,4.11291324538488,0.139598701136979,3.83930481886783,4.38652167190193,42460
2023,rps,Robo por sorpresa,persona,3.80085687790306,0.13263805842492,3.5408910604109,4.06082269539522,42460
2023,hur,Hurto,persona,5.98683131593127,0.156576055990369,5.67994788534882,6.29371474651372,42460
2023,les,Lesiones,persona,1.4039683912421,0.0763571964208879,1.25431103629671,1.55362574618749,42460
2024,vh_dmcs,Hogar víctima de delito (DMCS),hogar,23.4679254675049,0.387706443888071,22.7080348009101,24.2278161340996,22273
2024,rfv,Robo con fuerza en la vivienda,hogar,2.96341611605286,0.151025903700451,2.66741078406736,3.25942144803836,22273
2024,rdv,Robo de vehículo (hogares con vehículo),hogar,1.96519073331902,0.166049916278871,1.63973887777654,2.29064258886149,12695
2024,rddv,Robo desde vehículo (hogares con vehículo),hogar,16.0111800906954,0.462005761422211,15.1056654376578,16.9166947437329,12695
2024,pad,Percepción: aumentó la delincuencia en el país,persona,87.5446870057164,0.314584453964949,86.9281128058489,88.1612612055839,22273
2024,rvi,Robo con violencia o intimidación,persona,4.09146479881641,0.214574608888535,3.67090629339811,4.51202330423471,22273
2024,rps,Robo por sorpresa,persona,4.34493029493764,0.205372704266135,3.94240719116842,4.74745339870686,22273
2024,hur,Hurto,persona,7.32726053088502,0.259120875453424,6.81939294735382,7.83512811441622,22273
2024,les,Lesiones,persona,1.50664861987444,0.128809116727382,1.25418739020836,1.75910984954053,22273
